/*
SQLyog Ultimate v10.00 Beta1
MySQL - 8.0.29-0ubuntu0.20.04.3 : Database - laravel
*********************************************************************
*/

/*!40101 SET NAMES utf8 */;

/*!40101 SET SQL_MODE=''*/;

/*!40014 SET @OLD_UNIQUE_CHECKS=@@UNIQUE_CHECKS, UNIQUE_CHECKS=0 */;
/*!40014 SET @OLD_FOREIGN_KEY_CHECKS=@@FOREIGN_KEY_CHECKS, FOREIGN_KEY_CHECKS=0 */;
/*!40101 SET @OLD_SQL_MODE=@@SQL_MODE, SQL_MODE='NO_AUTO_VALUE_ON_ZERO' */;
/*!40111 SET @OLD_SQL_NOTES=@@SQL_NOTES, SQL_NOTES=0 */;
CREATE DATABASE /*!32312 IF NOT EXISTS*/`laravel` /*!40100 DEFAULT CHARACTER SET utf8mb4 COLLATE utf8mb4_0900_ai_ci */ /*!80016 DEFAULT ENCRYPTION='N' */;

USE `laravel`;

/*Table structure for table `failed_jobs` */

DROP TABLE IF EXISTS `failed_jobs`;

CREATE TABLE `failed_jobs` (
  `id` bigint unsigned NOT NULL AUTO_INCREMENT,
  `uuid` varchar(255) COLLATE utf8mb4_unicode_ci NOT NULL,
  `connection` text COLLATE utf8mb4_unicode_ci NOT NULL,
  `queue` text COLLATE utf8mb4_unicode_ci NOT NULL,
  `payload` longtext COLLATE utf8mb4_unicode_ci NOT NULL,
  `exception` longtext COLLATE utf8mb4_unicode_ci NOT NULL,
  `failed_at` timestamp NOT NULL DEFAULT CURRENT_TIMESTAMP,
  PRIMARY KEY (`id`),
  UNIQUE KEY `failed_jobs_uuid_unique` (`uuid`)
) ENGINE=InnoDB DEFAULT CHARSET=utf8mb4 COLLATE=utf8mb4_unicode_ci;

/*Data for the table `failed_jobs` */

/*Table structure for table `migrations` */

DROP TABLE IF EXISTS `migrations`;

CREATE TABLE `migrations` (
  `id` int unsigned NOT NULL AUTO_INCREMENT,
  `migration` varchar(255) COLLATE utf8mb4_unicode_ci NOT NULL,
  `batch` int NOT NULL,
  PRIMARY KEY (`id`)
) ENGINE=InnoDB AUTO_INCREMENT=13 DEFAULT CHARSET=utf8mb4 COLLATE=utf8mb4_unicode_ci;

/*Data for the table `migrations` */

insert  into `migrations`(`id`,`migration`,`batch`) values (1,'2014_10_12_000000_create_users_table',1),(2,'2014_10_12_100000_create_password_resets_table',1),(3,'2019_08_19_000000_create_failed_jobs_table',1),(4,'2019_12_14_000001_create_personal_access_tokens_table',1),(5,'2022_06_10_172826_create_permission_tables',1),(6,'2022_06_10_222015_create_quizzes_table',1),(7,'2022_06_10_223417_create_quiz_questions_table',1),(8,'2022_06_10_224051_create_quiz_answers_table',1),(9,'2022_06_10_230306_create_quiz_user_sessions_table',1),(10,'2022_06_10_230752_create_quiz_user_answers_table',1),(11,'2022_06_13_113956_create_quiz_guest_users_table',1),(12,'2022_06_13_170409_create_quiz_statistics_table',1);

/*Table structure for table `model_has_permissions` */

DROP TABLE IF EXISTS `model_has_permissions`;

CREATE TABLE `model_has_permissions` (
  `permission_id` bigint unsigned NOT NULL,
  `model_type` varchar(255) COLLATE utf8mb4_unicode_ci NOT NULL,
  `model_id` bigint unsigned NOT NULL,
  PRIMARY KEY (`permission_id`,`model_id`,`model_type`),
  KEY `model_has_permissions_model_id_model_type_index` (`model_id`,`model_type`),
  CONSTRAINT `model_has_permissions_permission_id_foreign` FOREIGN KEY (`permission_id`) REFERENCES `permissions` (`id`) ON DELETE CASCADE
) ENGINE=InnoDB DEFAULT CHARSET=utf8mb4 COLLATE=utf8mb4_unicode_ci;

/*Data for the table `model_has_permissions` */

/*Table structure for table `model_has_roles` */

DROP TABLE IF EXISTS `model_has_roles`;

CREATE TABLE `model_has_roles` (
  `role_id` bigint unsigned NOT NULL,
  `model_type` varchar(255) COLLATE utf8mb4_unicode_ci NOT NULL,
  `model_id` bigint unsigned NOT NULL,
  PRIMARY KEY (`role_id`,`model_id`,`model_type`),
  KEY `model_has_roles_model_id_model_type_index` (`model_id`,`model_type`),
  CONSTRAINT `model_has_roles_role_id_foreign` FOREIGN KEY (`role_id`) REFERENCES `roles` (`id`) ON DELETE CASCADE
) ENGINE=InnoDB DEFAULT CHARSET=utf8mb4 COLLATE=utf8mb4_unicode_ci;

/*Data for the table `model_has_roles` */

insert  into `model_has_roles`(`role_id`,`model_type`,`model_id`) values (1,'App\\Models\\User',1);

/*Table structure for table `password_resets` */

DROP TABLE IF EXISTS `password_resets`;

CREATE TABLE `password_resets` (
  `email` varchar(255) COLLATE utf8mb4_unicode_ci NOT NULL,
  `token` varchar(255) COLLATE utf8mb4_unicode_ci NOT NULL,
  `created_at` timestamp NULL DEFAULT NULL,
  KEY `password_resets_email_index` (`email`)
) ENGINE=InnoDB DEFAULT CHARSET=utf8mb4 COLLATE=utf8mb4_unicode_ci;

/*Data for the table `password_resets` */

/*Table structure for table `permissions` */

DROP TABLE IF EXISTS `permissions`;

CREATE TABLE `permissions` (
  `id` bigint unsigned NOT NULL AUTO_INCREMENT,
  `name` varchar(255) COLLATE utf8mb4_unicode_ci NOT NULL,
  `guard_name` varchar(255) COLLATE utf8mb4_unicode_ci NOT NULL,
  `created_at` timestamp NULL DEFAULT NULL,
  `updated_at` timestamp NULL DEFAULT NULL,
  PRIMARY KEY (`id`),
  UNIQUE KEY `permissions_name_guard_name_unique` (`name`,`guard_name`)
) ENGINE=InnoDB AUTO_INCREMENT=2 DEFAULT CHARSET=utf8mb4 COLLATE=utf8mb4_unicode_ci;

/*Data for the table `permissions` */

insert  into `permissions`(`id`,`name`,`guard_name`,`created_at`,`updated_at`) values (1,'super_admin','web','2022-06-13 19:26:46','2022-06-13 19:26:46');

/*Table structure for table `personal_access_tokens` */

DROP TABLE IF EXISTS `personal_access_tokens`;

CREATE TABLE `personal_access_tokens` (
  `id` bigint unsigned NOT NULL AUTO_INCREMENT,
  `tokenable_type` varchar(255) COLLATE utf8mb4_unicode_ci NOT NULL,
  `tokenable_id` bigint unsigned NOT NULL,
  `name` varchar(255) COLLATE utf8mb4_unicode_ci NOT NULL,
  `token` varchar(64) COLLATE utf8mb4_unicode_ci NOT NULL,
  `abilities` text COLLATE utf8mb4_unicode_ci,
  `last_used_at` timestamp NULL DEFAULT NULL,
  `created_at` timestamp NULL DEFAULT NULL,
  `updated_at` timestamp NULL DEFAULT NULL,
  PRIMARY KEY (`id`),
  UNIQUE KEY `personal_access_tokens_token_unique` (`token`),
  KEY `personal_access_tokens_tokenable_type_tokenable_id_index` (`tokenable_type`,`tokenable_id`)
) ENGINE=InnoDB DEFAULT CHARSET=utf8mb4 COLLATE=utf8mb4_unicode_ci;

/*Data for the table `personal_access_tokens` */

/*Table structure for table `quiz_answers` */

DROP TABLE IF EXISTS `quiz_answers`;

CREATE TABLE `quiz_answers` (
  `id` bigint unsigned NOT NULL AUTO_INCREMENT,
  `quiz_question_id` bigint unsigned NOT NULL,
  `is_correct` tinyint(1) NOT NULL DEFAULT '0',
  `title` varchar(255) COLLATE utf8mb4_unicode_ci NOT NULL,
  `created_at` timestamp NULL DEFAULT NULL,
  `updated_at` timestamp NULL DEFAULT NULL,
  PRIMARY KEY (`id`),
  KEY `quiz_answers_quiz_question_id_foreign` (`quiz_question_id`),
  CONSTRAINT `quiz_answers_quiz_question_id_foreign` FOREIGN KEY (`quiz_question_id`) REFERENCES `quiz_questions` (`id`) ON DELETE CASCADE
) ENGINE=InnoDB AUTO_INCREMENT=463 DEFAULT CHARSET=utf8mb4 COLLATE=utf8mb4_unicode_ci;

/*Data for the table `quiz_answers` */

insert  into `quiz_answers`(`id`,`quiz_question_id`,`is_correct`,`title`,`created_at`,`updated_at`) values (1,1,1,'Yes','2022-06-13 19:26:46','2022-06-13 19:26:46'),(2,1,0,'No','2022-06-13 19:26:46','2022-06-13 19:26:46'),(3,2,1,'Yes','2022-06-13 19:26:46','2022-06-13 19:26:46'),(4,2,0,'No','2022-06-13 19:26:46','2022-06-13 19:26:46'),(5,3,1,'Yes','2022-06-13 19:26:46','2022-06-13 19:26:46'),(6,3,0,'No','2022-06-13 19:26:46','2022-06-13 19:26:46'),(7,4,1,'Yes','2022-06-13 19:26:46','2022-06-13 19:26:46'),(8,4,0,'No','2022-06-13 19:26:46','2022-06-13 19:26:46'),(9,5,1,'Yes','2022-06-13 19:26:46','2022-06-13 19:26:46'),(10,5,0,'No','2022-06-13 19:26:46','2022-06-13 19:26:46'),(11,6,1,'Yes','2022-06-13 19:26:46','2022-06-13 19:26:46'),(12,6,0,'No','2022-06-13 19:26:46','2022-06-13 19:26:46'),(13,7,1,'Yes','2022-06-13 19:26:46','2022-06-13 19:26:46'),(14,7,0,'No','2022-06-13 19:26:46','2022-06-13 19:26:46'),(15,8,1,'Yes','2022-06-13 19:26:46','2022-06-13 19:26:46'),(16,8,0,'No','2022-06-13 19:26:46','2022-06-13 19:26:46'),(17,9,1,'Yes','2022-06-13 19:26:46','2022-06-13 19:26:46'),(18,9,0,'No','2022-06-13 19:26:46','2022-06-13 19:26:46'),(19,10,1,'Yes','2022-06-13 19:26:46','2022-06-13 19:26:46'),(20,10,0,'No','2022-06-13 19:26:46','2022-06-13 19:26:46'),(21,11,1,'Yes','2022-06-13 19:26:46','2022-06-13 19:26:46'),(22,11,0,'No','2022-06-13 19:26:46','2022-06-13 19:26:46'),(23,12,1,'Sunt iusto dicta sunt eligendi sunt placeat error. Cupiditate deleniti vitae quia ea et cumque.','2022-06-13 19:26:46','2022-06-13 19:26:46'),(24,12,0,'Aut commodi quia rem cumque odit dicta aliquid. Eaque sit recusandae iusto.','2022-06-13 19:26:46','2022-06-13 19:26:46'),(25,12,0,'Dolor deleniti ducimus voluptas commodi ipsum blanditiis fuga. Sit aut neque ut.','2022-06-13 19:26:46','2022-06-13 19:26:46'),(26,12,0,'Eum et aut labore sint. Est voluptas eos asperiores sed. Dolores cum dolorem doloribus aut et.','2022-06-13 19:26:46','2022-06-13 19:26:46'),(27,12,0,'Amet quasi voluptatem sapiente hic. Qui vitae necessitatibus ut cupiditate aut sed magni.','2022-06-13 19:26:46','2022-06-13 19:26:46'),(28,13,1,'Qui doloribus aut officia sequi. Earum dignissimos rem velit. Aut eum aut provident reiciendis.','2022-06-13 19:26:46','2022-06-13 19:26:46'),(29,13,0,'Facilis commodi vel vel ratione qui et porro. Ipsum et qui nihil expedita sed quaerat.','2022-06-13 19:26:46','2022-06-13 19:26:46'),(30,13,0,'Sunt est harum sint quam. Dolores quia quaerat voluptatem doloremque.','2022-06-13 19:26:46','2022-06-13 19:26:46'),(31,13,0,'Necessitatibus eligendi repellat quo autem eius. Accusamus nostrum dolore eligendi qui aperiam.','2022-06-13 19:26:46','2022-06-13 19:26:46'),(32,13,0,'Consequatur cum fugit culpa at. Numquam quia distinctio autem.','2022-06-13 19:26:46','2022-06-13 19:26:46'),(33,14,1,'Optio maiores quisquam voluptas ea quos praesentium. Consequatur quae et quam hic.','2022-06-13 19:26:46','2022-06-13 19:26:46'),(34,14,0,'Fuga ratione quo eius sed. Explicabo tenetur sit omnis nihil. Molestias et explicabo optio.','2022-06-13 19:26:46','2022-06-13 19:26:46'),(35,14,0,'Quia ipsam est est ut laudantium. Et asperiores id et pariatur non quia.','2022-06-13 19:26:46','2022-06-13 19:26:46'),(36,14,0,'Vero nulla autem sunt. Velit et et rerum velit. Iste ea et quasi sint pariatur facere hic at.','2022-06-13 19:26:46','2022-06-13 19:26:46'),(37,14,0,'Iusto dolor aliquid qui sed animi. Est est aliquid sequi quod voluptate vel autem.','2022-06-13 19:26:46','2022-06-13 19:26:46'),(38,15,1,'Sequi eos quisquam fuga sit. Rerum nemo eos nam fuga cupiditate fuga.','2022-06-13 19:26:46','2022-06-13 19:26:46'),(39,15,0,'Est sunt deserunt voluptas quam. Recusandae error aliquid eius. Itaque fuga ea iste vel laborum.','2022-06-13 19:26:46','2022-06-13 19:26:46'),(40,15,0,'Sit eos assumenda perferendis ducimus est ut sed totam. Rerum quis ab earum impedit numquam.','2022-06-13 19:26:46','2022-06-13 19:26:46'),(41,15,0,'Enim minus magni culpa sed. Tempora nihil quia quos. Eveniet nemo voluptas expedita.','2022-06-13 19:26:46','2022-06-13 19:26:46'),(42,15,0,'Molestiae et hic incidunt. Quis dicta doloremque quis ut fuga. Atque consequatur qui libero.','2022-06-13 19:26:46','2022-06-13 19:26:46'),(43,16,1,'Non alias natus adipisci expedita consectetur. Magnam possimus molestias a quia veniam iure.','2022-06-13 19:26:47','2022-06-13 19:26:47'),(44,16,0,'Laboriosam sunt quos aut cumque maxime eaque. Magnam quidem odio ducimus a aperiam quo temporibus.','2022-06-13 19:26:47','2022-06-13 19:26:47'),(45,16,0,'Autem perspiciatis omnis dolor adipisci totam voluptatem laudantium. Distinctio corrupti sed omnis.','2022-06-13 19:26:47','2022-06-13 19:26:47'),(46,16,0,'Qui dolorem mollitia voluptatem quaerat suscipit quia. Laborum autem eius aut quia.','2022-06-13 19:26:47','2022-06-13 19:26:47'),(47,16,0,'Qui ut labore iste in. Ex quasi laborum dolores architecto. Aut possimus ducimus minus repellendus.','2022-06-13 19:26:47','2022-06-13 19:26:47'),(48,17,1,'Perspiciatis sit dolor tenetur hic. Voluptatem tempore et molestias animi qui eius explicabo minus.','2022-06-13 19:26:47','2022-06-13 19:26:47'),(49,17,0,'Ut recusandae adipisci neque maxime occaecati molestiae. Deleniti expedita ut quia quis.','2022-06-13 19:26:47','2022-06-13 19:26:47'),(50,17,0,'Non ex vero dolor inventore. Voluptatem alias numquam nulla rerum qui eveniet quod.','2022-06-13 19:26:47','2022-06-13 19:26:47'),(51,17,0,'Aperiam nihil animi ea qui ad reiciendis. Iste itaque aspernatur laudantium ratione at cum quia.','2022-06-13 19:26:47','2022-06-13 19:26:47'),(52,17,0,'Rerum facilis omnis quo voluptate ex eos qui. Mollitia laboriosam quidem aperiam itaque.','2022-06-13 19:26:47','2022-06-13 19:26:47'),(53,18,1,'Amet dolor assumenda occaecati est maxime. Est in ut possimus soluta.','2022-06-13 19:26:47','2022-06-13 19:26:47'),(54,18,0,'Quibusdam rem magnam et quo aperiam. Nobis et in enim quo esse. In vel voluptate ea nulla.','2022-06-13 19:26:47','2022-06-13 19:26:47'),(55,18,0,'Adipisci suscipit ipsa ut enim molestiae non quo. Ad ipsam ratione vero ipsum voluptas nesciunt.','2022-06-13 19:26:47','2022-06-13 19:26:47'),(56,18,0,'Aliquid quas consequatur dolores. Dolore ea est ratione. Dolore id dolor est officiis saepe aut.','2022-06-13 19:26:47','2022-06-13 19:26:47'),(57,18,0,'Omnis sit id minima nam libero maiores. Quo nam ipsa assumenda numquam ab.','2022-06-13 19:26:47','2022-06-13 19:26:47'),(58,19,1,'Ratione nihil animi illum nobis tempora ut voluptas. Rerum excepturi voluptas sit culpa.','2022-06-13 19:26:47','2022-06-13 19:26:47'),(59,19,0,'Ipsum quod est expedita qui laborum dolores. Magni consequatur qui nobis quaerat.','2022-06-13 19:26:47','2022-06-13 19:26:47'),(60,19,0,'Quod harum dolor est sed est. Et fuga commodi qui illo non quo. Quos vel velit quidem.','2022-06-13 19:26:47','2022-06-13 19:26:47'),(61,19,0,'Et et dolor consectetur adipisci et. Atque quibusdam totam omnis labore dolor.','2022-06-13 19:26:47','2022-06-13 19:26:47'),(62,19,0,'Repudiandae fuga occaecati repudiandae cum. Molestias esse quis molestias ipsam aliquid veniam.','2022-06-13 19:26:47','2022-06-13 19:26:47'),(63,20,1,'Dolores voluptatem est quae. Dignissimos doloribus tenetur ut consectetur.','2022-06-13 19:26:47','2022-06-13 19:26:47'),(64,20,0,'Cum vel sequi et impedit quia. Impedit aut et sit assumenda est commodi quos. Non qui est tempore.','2022-06-13 19:26:47','2022-06-13 19:26:47'),(65,20,0,'Aut sed rerum doloribus dolorum tempore. Ad facilis rem praesentium enim ea maiores.','2022-06-13 19:26:47','2022-06-13 19:26:47'),(66,20,0,'Quod et necessitatibus fugit autem quis a dolorem et. Tempora sit laboriosam et.','2022-06-13 19:26:47','2022-06-13 19:26:47'),(67,20,0,'Dolor sint optio voluptatibus ipsum quia delectus. Vel molestiae aut aut aut.','2022-06-13 19:26:47','2022-06-13 19:26:47'),(68,21,1,'Et aliquid dolorum eaque commodi. Dolores incidunt nostrum et alias. Architecto ut accusamus quo.','2022-06-13 19:26:47','2022-06-13 19:26:47'),(69,21,0,'Autem sequi aut officiis aut dolores ullam. Et aperiam fugit est eligendi dicta.','2022-06-13 19:26:47','2022-06-13 19:26:47'),(70,21,0,'Et et in velit blanditiis est ipsum. Qui at dignissimos quos.','2022-06-13 19:26:47','2022-06-13 19:26:47'),(71,21,0,'Id nostrum non nemo quo. Sint explicabo ut incidunt ut voluptas nam. Illo nobis magni quo quia.','2022-06-13 19:26:47','2022-06-13 19:26:47'),(72,21,0,'Animi ut aut omnis qui. Odio rerum et nisi eligendi id. Velit quidem totam quos eius.','2022-06-13 19:26:47','2022-06-13 19:26:47'),(73,22,1,'Eos facilis et voluptas qui. Tempora est quos velit officiis dignissimos.','2022-06-13 19:26:47','2022-06-13 19:26:47'),(74,22,0,'Quaerat et id et dolores. Qui et consectetur et eum soluta nam. Ut velit unde aut est.','2022-06-13 19:26:47','2022-06-13 19:26:47'),(75,22,0,'Quidem voluptate explicabo atque temporibus qui. Est sit incidunt veniam nemo tempora omnis.','2022-06-13 19:26:47','2022-06-13 19:26:47'),(76,22,0,'Molestias sit fuga illo adipisci eligendi quis illo. Provident esse consequuntur ut velit et quis.','2022-06-13 19:26:47','2022-06-13 19:26:47'),(77,22,0,'Dolore porro tenetur laborum placeat. Consequuntur perspiciatis quidem repellat.','2022-06-13 19:26:47','2022-06-13 19:26:47'),(78,23,1,'Yes','2022-06-13 19:26:47','2022-06-13 19:26:47'),(79,23,0,'No','2022-06-13 19:26:47','2022-06-13 19:26:47'),(80,24,1,'Yes','2022-06-13 19:26:47','2022-06-13 19:26:47'),(81,24,0,'No','2022-06-13 19:26:47','2022-06-13 19:26:47'),(82,25,1,'Yes','2022-06-13 19:26:47','2022-06-13 19:26:47'),(83,25,0,'No','2022-06-13 19:26:47','2022-06-13 19:26:47'),(84,26,1,'Yes','2022-06-13 19:26:47','2022-06-13 19:26:47'),(85,26,0,'No','2022-06-13 19:26:47','2022-06-13 19:26:47'),(86,27,1,'Yes','2022-06-13 19:26:47','2022-06-13 19:26:47'),(87,27,0,'No','2022-06-13 19:26:47','2022-06-13 19:26:47'),(88,28,1,'Yes','2022-06-13 19:26:47','2022-06-13 19:26:47'),(89,28,0,'No','2022-06-13 19:26:47','2022-06-13 19:26:47'),(90,29,1,'Yes','2022-06-13 19:26:47','2022-06-13 19:26:47'),(91,29,0,'No','2022-06-13 19:26:47','2022-06-13 19:26:47'),(92,30,1,'Yes','2022-06-13 19:26:47','2022-06-13 19:26:47'),(93,30,0,'No','2022-06-13 19:26:47','2022-06-13 19:26:47'),(94,31,1,'Yes','2022-06-13 19:26:47','2022-06-13 19:26:47'),(95,31,0,'No','2022-06-13 19:26:47','2022-06-13 19:26:47'),(96,32,1,'Yes','2022-06-13 19:26:47','2022-06-13 19:26:47'),(97,32,0,'No','2022-06-13 19:26:47','2022-06-13 19:26:47'),(98,33,1,'Yes','2022-06-13 19:26:47','2022-06-13 19:26:47'),(99,33,0,'No','2022-06-13 19:26:47','2022-06-13 19:26:47'),(100,34,1,'Dolore illum dolorem aut et est illum. Suscipit eum nemo distinctio.','2022-06-13 19:26:47','2022-06-13 19:26:47'),(101,34,0,'Consequuntur quas hic ullam illum. Quod molestiae rem consequatur ipsa impedit.','2022-06-13 19:26:47','2022-06-13 19:26:47'),(102,34,0,'Et voluptas vel et officiis fugit rerum modi. Nemo sit voluptate suscipit numquam est.','2022-06-13 19:26:47','2022-06-13 19:26:47'),(103,34,0,'Ut sit possimus fugit. Hic excepturi voluptates dicta sint aspernatur.','2022-06-13 19:26:47','2022-06-13 19:26:47'),(104,34,0,'Aliquid voluptas vitae ut modi architecto. Impedit in fuga vel velit non.','2022-06-13 19:26:47','2022-06-13 19:26:47'),(105,35,1,'Quasi ut error unde natus quam illo quaerat. Earum exercitationem vel et debitis consequatur.','2022-06-13 19:26:47','2022-06-13 19:26:47'),(106,35,0,'Error quos est iusto perferendis blanditiis optio. Ut molestiae molestiae et eum.','2022-06-13 19:26:47','2022-06-13 19:26:47'),(107,35,0,'Et quibusdam est culpa rerum in. Voluptas quam neque nisi ut dolorem blanditiis dolores.','2022-06-13 19:26:47','2022-06-13 19:26:47'),(108,35,0,'Corporis et sint rerum velit voluptates ut. Nam magnam cum et.','2022-06-13 19:26:47','2022-06-13 19:26:47'),(109,35,0,'Non in possimus omnis ut. Magni quis aliquid et non. Non omnis ut pariatur cumque.','2022-06-13 19:26:47','2022-06-13 19:26:47'),(110,36,1,'Occaecati ad fugit et veritatis. Cupiditate ab doloribus quibusdam corrupti.','2022-06-13 19:26:47','2022-06-13 19:26:47'),(111,36,0,'In quia quidem ducimus harum. Velit ut ea deserunt possimus.','2022-06-13 19:26:47','2022-06-13 19:26:47'),(112,36,0,'Corporis neque officia incidunt pariatur. Consequuntur et dignissimos ipsa tempore vero.','2022-06-13 19:26:47','2022-06-13 19:26:47'),(113,36,0,'Mollitia non sapiente rerum. Inventore culpa voluptates dolor impedit ipsa. Ut qui animi sunt.','2022-06-13 19:26:47','2022-06-13 19:26:47'),(114,36,0,'Id vel non et omnis. Dolore eum in ducimus est iure id molestiae.','2022-06-13 19:26:47','2022-06-13 19:26:47'),(115,37,1,'Cumque enim cupiditate aut nihil. Et eum unde et ut aut eius et. Animi asperiores architecto eos.','2022-06-13 19:26:47','2022-06-13 19:26:47'),(116,37,0,'Vitae soluta ab hic. Cumque aut nisi voluptas voluptatibus cum.','2022-06-13 19:26:47','2022-06-13 19:26:47'),(117,37,0,'Molestiae necessitatibus repellat laudantium. Quia at natus aspernatur ducimus sapiente.','2022-06-13 19:26:47','2022-06-13 19:26:47'),(118,37,0,'Non delectus officia qui aut aut sequi earum. Saepe aut aut earum deleniti illo aliquam qui.','2022-06-13 19:26:47','2022-06-13 19:26:47'),(119,37,0,'Aut nihil sed non quas. Ut quam sed molestiae vitae. Corrupti voluptatem ut excepturi.','2022-06-13 19:26:47','2022-06-13 19:26:47'),(120,38,1,'Sed quasi quia earum repellendus sapiente est. Necessitatibus dicta ducimus corporis earum non non.','2022-06-13 19:26:47','2022-06-13 19:26:47'),(121,38,0,'Quia maiores illum sit vitae. Consequatur totam assumenda assumenda.','2022-06-13 19:26:47','2022-06-13 19:26:47'),(122,38,0,'Doloribus et atque voluptate. Ut odit quas ratione quaerat tempore.','2022-06-13 19:26:47','2022-06-13 19:26:47'),(123,38,0,'At est est quos. Velit fugit eum in cum neque totam ipsa. Nihil odit facilis eum reprehenderit.','2022-06-13 19:26:47','2022-06-13 19:26:47'),(124,38,0,'Deleniti blanditiis quo quam. Illum ex itaque ut ut fuga.','2022-06-13 19:26:47','2022-06-13 19:26:47'),(125,39,1,'Id quasi ut itaque libero. Id est ea ad culpa aperiam. Labore expedita sint et iste.','2022-06-13 19:26:47','2022-06-13 19:26:47'),(126,39,0,'Illo porro dolores quia minus deleniti id totam aut. Est magni hic ut cupiditate harum qui.','2022-06-13 19:26:47','2022-06-13 19:26:47'),(127,39,0,'Aut ut quis corrupti. Veniam expedita labore quidem ea velit veritatis vitae in.','2022-06-13 19:26:47','2022-06-13 19:26:47'),(128,39,0,'Eius fugiat tenetur ex rerum. Dicta dolore sit laborum velit vitae. At quaerat porro itaque.','2022-06-13 19:26:47','2022-06-13 19:26:47'),(129,39,0,'Ab laboriosam sit officia. Reiciendis quia cupiditate necessitatibus et illo.','2022-06-13 19:26:47','2022-06-13 19:26:47'),(130,40,1,'Doloremque dolore soluta eaque et sit explicabo voluptatem. Asperiores fugiat asperiores quia sit.','2022-06-13 19:26:47','2022-06-13 19:26:47'),(131,40,0,'Est autem provident maxime iure quod rerum. Reiciendis et voluptas sed aperiam.','2022-06-13 19:26:47','2022-06-13 19:26:47'),(132,40,0,'Beatae laudantium reiciendis voluptas quis. Sint est quisquam eveniet. Qui repudiandae et quo.','2022-06-13 19:26:47','2022-06-13 19:26:47'),(133,40,0,'Facilis aspernatur eos repellendus maiores. Autem rerum sunt dolore.','2022-06-13 19:26:47','2022-06-13 19:26:47'),(134,40,0,'Consequatur incidunt consequatur doloremque sit. Ex accusamus dolor et voluptas cumque enim enim.','2022-06-13 19:26:47','2022-06-13 19:26:47'),(135,41,1,'Eius pariatur molestiae nobis provident. Ut iure vel voluptatem ea odio consequatur atque magnam.','2022-06-13 19:26:47','2022-06-13 19:26:47'),(136,41,0,'Harum saepe laudantium vero. Vitae quam pariatur et ea. Aut sed facilis esse enim optio.','2022-06-13 19:26:47','2022-06-13 19:26:47'),(137,41,0,'Praesentium qui nemo occaecati eaque in. Nihil soluta quis ea tenetur nemo.','2022-06-13 19:26:47','2022-06-13 19:26:47'),(138,41,0,'Vel eligendi dignissimos cum quia eveniet est. Adipisci dolorem nam est dolorem cum.','2022-06-13 19:26:47','2022-06-13 19:26:47'),(139,41,0,'Autem aut ut enim vitae rerum dolores. Ullam esse modi porro quo.','2022-06-13 19:26:47','2022-06-13 19:26:47'),(140,42,1,'Commodi eum laborum minus. Aut quis voluptas voluptatem quae deleniti. Ab vitae velit a.','2022-06-13 19:26:47','2022-06-13 19:26:47'),(141,42,0,'Aut dicta sed aliquid facilis nemo illum. Placeat et possimus non amet facere autem sunt.','2022-06-13 19:26:47','2022-06-13 19:26:47'),(142,42,0,'Ad porro dolor natus sed nihil. Placeat ut occaecati excepturi. Enim qui officiis beatae a.','2022-06-13 19:26:47','2022-06-13 19:26:47'),(143,42,0,'Sequi tempora voluptatum occaecati. Error rerum sit praesentium a et et ut.','2022-06-13 19:26:47','2022-06-13 19:26:47'),(144,42,0,'Aut culpa rerum quos quia unde qui. Porro eos quas accusamus aut ut qui. Aut eum eligendi aut.','2022-06-13 19:26:47','2022-06-13 19:26:47'),(145,43,1,'Reprehenderit aliquam eos nulla. Asperiores ratione quae vel dolore impedit omnis minus.','2022-06-13 19:26:47','2022-06-13 19:26:47'),(146,43,0,'Fugiat aliquam voluptatum molestiae. Numquam veritatis ad nulla. Pariatur omnis ut nulla deleniti.','2022-06-13 19:26:47','2022-06-13 19:26:47'),(147,43,0,'Qui aspernatur vel saepe. Voluptatum sapiente molestiae vel quo deserunt modi consequatur.','2022-06-13 19:26:47','2022-06-13 19:26:47'),(148,43,0,'Et et et vel placeat ab. Sit dolor quia voluptas est exercitationem laboriosam numquam.','2022-06-13 19:26:47','2022-06-13 19:26:47'),(149,43,0,'Nemo doloribus cupiditate sint et. Ullam natus qui tenetur consectetur deleniti natus neque.','2022-06-13 19:26:47','2022-06-13 19:26:47'),(150,44,1,'Perferendis odio sit quia fugit dolor. Sed earum a nihil omnis nulla et omnis.','2022-06-13 19:26:47','2022-06-13 19:26:47'),(151,44,0,'Rerum rerum ipsum repellendus ut rem. Qui est voluptatem et ipsa incidunt aliquam.','2022-06-13 19:26:47','2022-06-13 19:26:47'),(152,44,0,'Eum odio sed quo earum veritatis. Et veniam enim ullam optio maiores sit.','2022-06-13 19:26:47','2022-06-13 19:26:47'),(153,44,0,'Et qui officia consequatur. Laudantium ullam laborum dolor itaque.','2022-06-13 19:26:47','2022-06-13 19:26:47'),(154,44,0,'Tempore harum aut similique maxime. Rerum vel reprehenderit libero iure iusto.','2022-06-13 19:26:47','2022-06-13 19:26:47'),(155,45,1,'Yes','2022-06-13 19:26:47','2022-06-13 19:26:47'),(156,45,0,'No','2022-06-13 19:26:47','2022-06-13 19:26:47'),(157,46,1,'Yes','2022-06-13 19:26:47','2022-06-13 19:26:47'),(158,46,0,'No','2022-06-13 19:26:47','2022-06-13 19:26:47'),(159,47,1,'Yes','2022-06-13 19:26:47','2022-06-13 19:26:47'),(160,47,0,'No','2022-06-13 19:26:47','2022-06-13 19:26:47'),(161,48,1,'Yes','2022-06-13 19:26:47','2022-06-13 19:26:47'),(162,48,0,'No','2022-06-13 19:26:47','2022-06-13 19:26:47'),(163,49,1,'Yes','2022-06-13 19:26:47','2022-06-13 19:26:47'),(164,49,0,'No','2022-06-13 19:26:47','2022-06-13 19:26:47'),(165,50,1,'Yes','2022-06-13 19:26:47','2022-06-13 19:26:47'),(166,50,0,'No','2022-06-13 19:26:47','2022-06-13 19:26:47'),(167,51,1,'Yes','2022-06-13 19:26:47','2022-06-13 19:26:47'),(168,51,0,'No','2022-06-13 19:26:47','2022-06-13 19:26:47'),(169,52,1,'Yes','2022-06-13 19:26:47','2022-06-13 19:26:47'),(170,52,0,'No','2022-06-13 19:26:47','2022-06-13 19:26:47'),(171,53,1,'Yes','2022-06-13 19:26:47','2022-06-13 19:26:47'),(172,53,0,'No','2022-06-13 19:26:47','2022-06-13 19:26:47'),(173,54,1,'Yes','2022-06-13 19:26:47','2022-06-13 19:26:47'),(174,54,0,'No','2022-06-13 19:26:47','2022-06-13 19:26:47'),(175,55,1,'Yes','2022-06-13 19:26:47','2022-06-13 19:26:47'),(176,55,0,'No','2022-06-13 19:26:47','2022-06-13 19:26:47'),(177,56,1,'Ex ab at ea id eius est quo. Et autem aliquid ut. Eos expedita dolores quo doloribus est adipisci.','2022-06-13 19:26:47','2022-06-13 19:26:47'),(178,56,0,'Omnis iste ut nihil quibusdam earum. Hic voluptatum eum reprehenderit consectetur perferendis.','2022-06-13 19:26:47','2022-06-13 19:26:47'),(179,56,0,'Hic assumenda autem omnis ipsa molestiae. Corrupti dignissimos fuga quia. Vitae facilis ut quo ex.','2022-06-13 19:26:47','2022-06-13 19:26:47'),(180,56,0,'Iure nemo qui sed ipsa. A in facere repellendus ad blanditiis. Ut eum aut ea incidunt est sapiente.','2022-06-13 19:26:47','2022-06-13 19:26:47'),(181,56,0,'Sed consequatur voluptatem nemo totam quis. Minus quibusdam error rerum quas earum ut.','2022-06-13 19:26:47','2022-06-13 19:26:47'),(182,57,1,'Officia mollitia reprehenderit ex temporibus. In animi laboriosam quidem et.','2022-06-13 19:26:47','2022-06-13 19:26:47'),(183,57,0,'Quo quia et harum sed. Natus vero officia distinctio omnis dolor.','2022-06-13 19:26:47','2022-06-13 19:26:47'),(184,57,0,'Iure et repudiandae omnis consequuntur aspernatur. Qui at tempora ut odit provident est.','2022-06-13 19:26:47','2022-06-13 19:26:47'),(185,57,0,'Reiciendis autem et et vero. Totam aut iste quidem eveniet velit praesentium.','2022-06-13 19:26:47','2022-06-13 19:26:47'),(186,57,0,'Beatae officia eos ab. Ut ad perferendis molestiae ut provident.','2022-06-13 19:26:47','2022-06-13 19:26:47'),(187,58,1,'Necessitatibus occaecati ab est et deleniti ut. Nulla voluptatum cupiditate harum.','2022-06-13 19:26:47','2022-06-13 19:26:47'),(188,58,0,'Nam facere officiis quam modi odit voluptates qui. Distinctio voluptas rerum qui et.','2022-06-13 19:26:47','2022-06-13 19:26:47'),(189,58,0,'Qui in ducimus facere voluptatum. Modi sequi repellendus quam minus deleniti molestiae vel.','2022-06-13 19:26:47','2022-06-13 19:26:47'),(190,58,0,'Totam nam illum ipsum. Praesentium pariatur eveniet aliquid modi.','2022-06-13 19:26:47','2022-06-13 19:26:47'),(191,58,0,'Quo aut in quia error aliquam. Illo ut et dolores eos.','2022-06-13 19:26:47','2022-06-13 19:26:47'),(192,59,1,'Non eos et et nulla. Veniam et exercitationem quis dignissimos. Odit et architecto quasi.','2022-06-13 19:26:47','2022-06-13 19:26:47'),(193,59,0,'Ut ad similique et. Numquam eligendi iusto aliquid nulla eum. Enim et quis facilis.','2022-06-13 19:26:47','2022-06-13 19:26:47'),(194,59,0,'Sed sunt facere numquam. Doloremque ratione dicta earum quibusdam dolores.','2022-06-13 19:26:47','2022-06-13 19:26:47'),(195,59,0,'Eos quis non odit et. Autem incidunt exercitationem deserunt qui aut magni. Est et alias omnis.','2022-06-13 19:26:47','2022-06-13 19:26:47'),(196,59,0,'Vel quia qui cumque. Et ullam facere quisquam voluptatem voluptas et et ut. Blanditiis ut eius qui.','2022-06-13 19:26:47','2022-06-13 19:26:47'),(197,60,1,'Temporibus quo provident eum adipisci ipsam. Rerum aperiam sapiente vel est.','2022-06-13 19:26:47','2022-06-13 19:26:47'),(198,60,0,'Sit eaque ut eligendi quia. Nihil commodi accusamus et a temporibus officia earum.','2022-06-13 19:26:47','2022-06-13 19:26:47'),(199,60,0,'Atque atque non atque beatae nostrum facere. Eveniet nemo aliquid fugit ipsa porro quo.','2022-06-13 19:26:47','2022-06-13 19:26:47'),(200,60,0,'Et temporibus neque et. Iste explicabo non sunt quis ut quam. Aut enim beatae vitae quod.','2022-06-13 19:26:47','2022-06-13 19:26:47'),(201,60,0,'Porro placeat veniam et harum dolores praesentium cupiditate. Aliquid quia velit eos doloremque ut.','2022-06-13 19:26:47','2022-06-13 19:26:47'),(202,61,1,'Facere ipsa quas et repellat ut vel temporibus. Nemo sed hic eligendi est.','2022-06-13 19:26:47','2022-06-13 19:26:47'),(203,61,0,'Ad minus quia assumenda debitis. Est unde ut non.','2022-06-13 19:26:47','2022-06-13 19:26:47'),(204,61,0,'Rem asperiores autem et nisi. Rem ex totam suscipit.','2022-06-13 19:26:47','2022-06-13 19:26:47'),(205,61,0,'Dolorem dolorem asperiores laboriosam. Modi hic ipsum qui sed. Ea qui enim provident molestiae et.','2022-06-13 19:26:47','2022-06-13 19:26:47'),(206,61,0,'Dignissimos nihil ut quas et eveniet omnis. Et magni laudantium blanditiis iusto sed et et odit.','2022-06-13 19:26:47','2022-06-13 19:26:47'),(207,62,1,'Eos voluptatem et beatae laborum ut. A numquam sint qui repellendus quod consectetur.','2022-06-13 19:26:47','2022-06-13 19:26:47'),(208,62,0,'Ut asperiores sed non libero amet. Rerum praesentium quaerat voluptatem ea.','2022-06-13 19:26:47','2022-06-13 19:26:47'),(209,62,0,'Quia est soluta voluptatem. Dolore id qui autem veritatis omnis ut odit.','2022-06-13 19:26:47','2022-06-13 19:26:47'),(210,62,0,'Et repellendus omnis voluptatibus omnis. Quos veniam et eius.','2022-06-13 19:26:47','2022-06-13 19:26:47'),(211,62,0,'Illum iure corporis id consequatur id voluptatem vero quo. Eius voluptatem repudiandae hic.','2022-06-13 19:26:47','2022-06-13 19:26:47'),(212,63,1,'Consequatur voluptas iure nihil aliquam dolorum et itaque. Fuga et ea rem qui.','2022-06-13 19:26:47','2022-06-13 19:26:47'),(213,63,0,'Et dicta tenetur iste eius. Quo ex qui unde ea veritatis inventore.','2022-06-13 19:26:47','2022-06-13 19:26:47'),(214,63,0,'Non atque illo tenetur. Minima veritatis amet expedita velit. Qui eum velit error animi hic nulla.','2022-06-13 19:26:47','2022-06-13 19:26:47'),(215,63,0,'Sequi placeat qui vel. Cum eaque aut amet.','2022-06-13 19:26:47','2022-06-13 19:26:47'),(216,63,0,'Molestias optio a et ut aut quia. Non esse ut inventore aspernatur dolores voluptatem.','2022-06-13 19:26:47','2022-06-13 19:26:47'),(217,64,1,'Dolores debitis quia dicta ratione. Doloremque libero ipsum reprehenderit.','2022-06-13 19:26:47','2022-06-13 19:26:47'),(218,64,0,'Ut vitae veniam quidem. Aspernatur id veritatis laborum.','2022-06-13 19:26:47','2022-06-13 19:26:47'),(219,64,0,'Vero omnis qui vero dolor. Esse nesciunt neque et. Maiores suscipit a aut aut.','2022-06-13 19:26:47','2022-06-13 19:26:47'),(220,64,0,'Aperiam commodi temporibus quisquam molestiae delectus et. Hic repellendus sit cum.','2022-06-13 19:26:47','2022-06-13 19:26:47'),(221,64,0,'Consequatur officia sed rem voluptate. Sint doloremque consequatur aut sit cum qui consequuntur.','2022-06-13 19:26:47','2022-06-13 19:26:47'),(222,65,1,'Id dolor beatae quis est. Aperiam dolores et quo minus est.','2022-06-13 19:26:47','2022-06-13 19:26:47'),(223,65,0,'Nam quia eum voluptatibus eaque. Est officia neque autem natus ut.','2022-06-13 19:26:47','2022-06-13 19:26:47'),(224,65,0,'Et fugiat laudantium eos. Magnam et repellat eligendi hic dolores autem sapiente.','2022-06-13 19:26:47','2022-06-13 19:26:47'),(225,65,0,'Illo eligendi et et modi. Sit voluptas quia eum perferendis. Rerum dolor totam sed id eius sit.','2022-06-13 19:26:47','2022-06-13 19:26:47'),(226,65,0,'Perferendis corporis iusto voluptas maxime consequatur veniam aut. Ut officiis non omnis a sed et.','2022-06-13 19:26:47','2022-06-13 19:26:47'),(227,66,1,'Neque maiores cupiditate tempora iste. Perspiciatis ut aut voluptatem quas distinctio.','2022-06-13 19:26:47','2022-06-13 19:26:47'),(228,66,0,'Aliquam ut fugit saepe. Voluptates labore omnis ad.','2022-06-13 19:26:47','2022-06-13 19:26:47'),(229,66,0,'Sed beatae rem amet maiores veniam magnam. Totam voluptas nihil fuga temporibus autem.','2022-06-13 19:26:47','2022-06-13 19:26:47'),(230,66,0,'Impedit sequi placeat temporibus at aut ut. Sapiente nam quia qui odit.','2022-06-13 19:26:47','2022-06-13 19:26:47'),(231,66,0,'Vitae expedita labore dolores. Sed beatae excepturi et rerum.','2022-06-13 19:26:47','2022-06-13 19:26:47'),(232,67,1,'Yes','2022-06-13 19:26:47','2022-06-13 19:26:47'),(233,67,0,'No','2022-06-13 19:26:47','2022-06-13 19:26:47'),(234,68,1,'Yes','2022-06-13 19:26:47','2022-06-13 19:26:47'),(235,68,0,'No','2022-06-13 19:26:47','2022-06-13 19:26:47'),(236,69,1,'Yes','2022-06-13 19:26:47','2022-06-13 19:26:47'),(237,69,0,'No','2022-06-13 19:26:47','2022-06-13 19:26:47'),(238,70,1,'Yes','2022-06-13 19:26:47','2022-06-13 19:26:47'),(239,70,0,'No','2022-06-13 19:26:47','2022-06-13 19:26:47'),(240,71,1,'Yes','2022-06-13 19:26:47','2022-06-13 19:26:47'),(241,71,0,'No','2022-06-13 19:26:47','2022-06-13 19:26:47'),(242,72,1,'Yes','2022-06-13 19:26:47','2022-06-13 19:26:47'),(243,72,0,'No','2022-06-13 19:26:47','2022-06-13 19:26:47'),(244,73,1,'Yes','2022-06-13 19:26:47','2022-06-13 19:26:47'),(245,73,0,'No','2022-06-13 19:26:47','2022-06-13 19:26:47'),(246,74,1,'Yes','2022-06-13 19:26:47','2022-06-13 19:26:47'),(247,74,0,'No','2022-06-13 19:26:47','2022-06-13 19:26:47'),(248,75,1,'Yes','2022-06-13 19:26:47','2022-06-13 19:26:47'),(249,75,0,'No','2022-06-13 19:26:47','2022-06-13 19:26:47'),(250,76,1,'Yes','2022-06-13 19:26:47','2022-06-13 19:26:47'),(251,76,0,'No','2022-06-13 19:26:47','2022-06-13 19:26:47'),(252,77,1,'Yes','2022-06-13 19:26:47','2022-06-13 19:26:47'),(253,77,0,'No','2022-06-13 19:26:47','2022-06-13 19:26:47'),(254,78,1,'Veniam cumque voluptatem nihil sit non aut. Veritatis facere iusto aut.','2022-06-13 19:26:47','2022-06-13 19:26:47'),(255,78,0,'Quia incidunt cum necessitatibus molestiae. Labore architecto aspernatur dolore fuga.','2022-06-13 19:26:47','2022-06-13 19:26:47'),(256,78,0,'Dolorum similique voluptatem placeat et et eum eos. Est illo id et quisquam eos id aut.','2022-06-13 19:26:47','2022-06-13 19:26:47'),(257,78,0,'Perspiciatis quis repellat accusantium error. Nobis quidem neque ex saepe. Voluptatem id ut et.','2022-06-13 19:26:47','2022-06-13 19:26:47'),(258,78,0,'Qui occaecati nobis soluta ipsam libero ad. Dolor et illo est laborum tenetur et.','2022-06-13 19:26:47','2022-06-13 19:26:47'),(259,79,1,'Quas nihil et esse voluptatibus doloribus. Voluptas ut veritatis qui iure nisi sequi.','2022-06-13 19:26:47','2022-06-13 19:26:47'),(260,79,0,'Rerum itaque cum tempore repudiandae dolorem dolorum. Sunt voluptatem iste eos.','2022-06-13 19:26:47','2022-06-13 19:26:47'),(261,79,0,'Consequuntur velit sed et quia. Praesentium necessitatibus numquam voluptate laborum iure porro.','2022-06-13 19:26:47','2022-06-13 19:26:47'),(262,79,0,'Culpa veniam ut neque ducimus. Eaque nemo nobis iusto error quo a.','2022-06-13 19:26:47','2022-06-13 19:26:47'),(263,79,0,'Debitis ea quidem dolorem odio minus. Et voluptas quia blanditiis et necessitatibus suscipit.','2022-06-13 19:26:47','2022-06-13 19:26:47'),(264,80,1,'Quia at quia non officia enim. Sit et iusto cum id dolores modi vero alias. Animi maxime nihil sit.','2022-06-13 19:26:47','2022-06-13 19:26:47'),(265,80,0,'Nihil libero excepturi explicabo aut illo. Et quam et eum amet dolores ea.','2022-06-13 19:26:47','2022-06-13 19:26:47'),(266,80,0,'Aut consequatur rerum eveniet. Eum soluta omnis quae fugiat ipsum necessitatibus error.','2022-06-13 19:26:47','2022-06-13 19:26:47'),(267,80,0,'Est aut velit et modi. Ex non facilis quo aliquid et dolorem. Non itaque eaque pariatur omnis.','2022-06-13 19:26:47','2022-06-13 19:26:47'),(268,80,0,'Vel voluptatem facilis optio qui soluta. Iusto nihil consequatur ex dolorem ea in assumenda.','2022-06-13 19:26:47','2022-06-13 19:26:47'),(269,81,1,'Sapiente et quae dignissimos facere. Eum aut eos omnis alias labore. Saepe itaque aut magnam ullam.','2022-06-13 19:26:47','2022-06-13 19:26:47'),(270,81,0,'Iusto voluptatem voluptatum rerum ea odit ipsa. Voluptas dolores debitis sequi facere nam.','2022-06-13 19:26:47','2022-06-13 19:26:47'),(271,81,0,'Nesciunt et et distinctio sed. Ipsa ut voluptates nobis repellendus iste cum.','2022-06-13 19:26:47','2022-06-13 19:26:47'),(272,81,0,'Ut et enim aut fugiat. Rerum nihil qui quia culpa cumque qui. Omnis saepe iste aut sunt eius.','2022-06-13 19:26:47','2022-06-13 19:26:47'),(273,81,0,'Illum assumenda ea ut temporibus. Non veniam harum voluptate.','2022-06-13 19:26:47','2022-06-13 19:26:47'),(274,82,1,'Perspiciatis odio minus voluptatibus cum vero est. Et fugit qui unde iure totam eos velit.','2022-06-13 19:26:47','2022-06-13 19:26:47'),(275,82,0,'Voluptas et quos repellat neque. Et aliquam rem minus nihil ut. Animi at nobis consequatur.','2022-06-13 19:26:47','2022-06-13 19:26:47'),(276,82,0,'Quidem laborum est consequatur aut in. Excepturi aut quaerat adipisci officiis.','2022-06-13 19:26:47','2022-06-13 19:26:47'),(277,82,0,'Maiores minima quo ut et. Voluptas commodi sint quos.','2022-06-13 19:26:47','2022-06-13 19:26:47'),(278,82,0,'Non explicabo et dolores tempora explicabo et. Minus voluptatem quia ut quae id aut qui.','2022-06-13 19:26:47','2022-06-13 19:26:47'),(279,83,1,'Est ut maiores omnis natus et. Minus similique explicabo hic possimus aut.','2022-06-13 19:26:47','2022-06-13 19:26:47'),(280,83,0,'Ratione quo rem rerum rem. Dolor quam sunt exercitationem iure in.','2022-06-13 19:26:47','2022-06-13 19:26:47'),(281,83,0,'Qui non sit in. Voluptatibus accusantium nihil nam autem vel. Ipsum a quos dolore consequatur.','2022-06-13 19:26:47','2022-06-13 19:26:47'),(282,83,0,'Quam reprehenderit cum modi voluptatem et qui. Accusamus officiis quam doloribus et suscipit.','2022-06-13 19:26:47','2022-06-13 19:26:47'),(283,83,0,'Perferendis nisi itaque fugit quo id praesentium aut. Non et est iste voluptas ut.','2022-06-13 19:26:47','2022-06-13 19:26:47'),(284,84,1,'Voluptatibus consequatur id in voluptas eveniet esse. Et itaque quis dicta illum repudiandae aut.','2022-06-13 19:26:48','2022-06-13 19:26:48'),(285,84,0,'Voluptas eos exercitationem quam suscipit ut. Officia quod pariatur ad dicta voluptatem ipsa.','2022-06-13 19:26:48','2022-06-13 19:26:48'),(286,84,0,'Qui blanditiis aliquam enim ea ipsa omnis aliquid. Id sapiente autem quia vel.','2022-06-13 19:26:48','2022-06-13 19:26:48'),(287,84,0,'Voluptatum quia ut qui sequi minima. Incidunt modi officia officiis veniam quod in reprehenderit.','2022-06-13 19:26:48','2022-06-13 19:26:48'),(288,84,0,'Ut ut laborum officiis. Quia nihil harum qui ullam soluta.','2022-06-13 19:26:48','2022-06-13 19:26:48'),(289,85,1,'Est et aut quos natus hic optio excepturi nostrum. Iste voluptates dolorum et sed qui iure.','2022-06-13 19:26:48','2022-06-13 19:26:48'),(290,85,0,'Sint et rem temporibus commodi. In in velit qui culpa consectetur quasi.','2022-06-13 19:26:48','2022-06-13 19:26:48'),(291,85,0,'Ipsum aliquam natus deleniti omnis nostrum labore occaecati. Aut unde qui quo facilis.','2022-06-13 19:26:48','2022-06-13 19:26:48'),(292,85,0,'Enim assumenda blanditiis accusamus vero. Dolorem rem laboriosam ut enim veniam provident.','2022-06-13 19:26:48','2022-06-13 19:26:48'),(293,85,0,'Unde et in fugiat. Est consequuntur quo sint repellat consectetur.','2022-06-13 19:26:48','2022-06-13 19:26:48'),(294,86,1,'Accusantium sequi explicabo temporibus at enim qui. Ad itaque quae delectus accusamus amet.','2022-06-13 19:26:48','2022-06-13 19:26:48'),(295,86,0,'Ut consectetur natus quam quos omnis illo. Neque et sapiente est nesciunt saepe harum.','2022-06-13 19:26:48','2022-06-13 19:26:48'),(296,86,0,'Illum quisquam velit expedita eum doloribus. Provident ut aperiam qui aliquam eum.','2022-06-13 19:26:48','2022-06-13 19:26:48'),(297,86,0,'Enim ea id dolores. Ipsa vel omnis ipsam veritatis et maxime. Maiores natus qui nihil adipisci.','2022-06-13 19:26:48','2022-06-13 19:26:48'),(298,86,0,'Fugit consectetur facere quo est aut aut aut. Optio modi quibusdam sequi. Ut qui enim nostrum.','2022-06-13 19:26:48','2022-06-13 19:26:48'),(299,87,1,'Fugiat reiciendis qui recusandae tempore nobis repellendus vel. Qui doloribus quisquam sequi vero.','2022-06-13 19:26:48','2022-06-13 19:26:48'),(300,87,0,'Id natus quisquam minus molestias facere exercitationem. Delectus ut magni est ea iste cum.','2022-06-13 19:26:48','2022-06-13 19:26:48'),(301,87,0,'Asperiores est corrupti qui ex quas. Dolores nihil ipsa autem quia corrupti voluptas.','2022-06-13 19:26:48','2022-06-13 19:26:48'),(302,87,0,'Omnis eos et ut quod hic in nam nam. Atque beatae et provident est voluptatum.','2022-06-13 19:26:48','2022-06-13 19:26:48'),(303,87,0,'Unde eum ut quam ut aspernatur. Quo tempora iure recusandae necessitatibus accusamus.','2022-06-13 19:26:48','2022-06-13 19:26:48'),(304,88,1,'At nesciunt ea iste nisi. Animi est quae minus possimus esse quidem nemo.','2022-06-13 19:26:48','2022-06-13 19:26:48'),(305,88,0,'Occaecati est sit et labore nobis. Ipsum provident consequatur ipsum qui sunt ut.','2022-06-13 19:26:48','2022-06-13 19:26:48'),(306,88,0,'Sunt est rerum rerum aut itaque nam qui. Rem facilis aut est omnis.','2022-06-13 19:26:48','2022-06-13 19:26:48'),(307,88,0,'Autem voluptates consectetur dolores iure veritatis. Eum ipsa beatae dolorem natus aut id facere.','2022-06-13 19:26:48','2022-06-13 19:26:48'),(308,88,0,'Quos eius dolores et qui dolores. Atque qui libero tempora ipsa eligendi.','2022-06-13 19:26:48','2022-06-13 19:26:48'),(309,89,1,'Yes','2022-06-13 19:26:48','2022-06-13 19:26:48'),(310,89,0,'No','2022-06-13 19:26:48','2022-06-13 19:26:48'),(311,90,1,'Yes','2022-06-13 19:26:48','2022-06-13 19:26:48'),(312,90,0,'No','2022-06-13 19:26:48','2022-06-13 19:26:48'),(313,91,1,'Yes','2022-06-13 19:26:48','2022-06-13 19:26:48'),(314,91,0,'No','2022-06-13 19:26:48','2022-06-13 19:26:48'),(315,92,1,'Yes','2022-06-13 19:26:48','2022-06-13 19:26:48'),(316,92,0,'No','2022-06-13 19:26:48','2022-06-13 19:26:48'),(317,93,1,'Yes','2022-06-13 19:26:48','2022-06-13 19:26:48'),(318,93,0,'No','2022-06-13 19:26:48','2022-06-13 19:26:48'),(319,94,1,'Yes','2022-06-13 19:26:48','2022-06-13 19:26:48'),(320,94,0,'No','2022-06-13 19:26:48','2022-06-13 19:26:48'),(321,95,1,'Yes','2022-06-13 19:26:48','2022-06-13 19:26:48'),(322,95,0,'No','2022-06-13 19:26:48','2022-06-13 19:26:48'),(323,96,1,'Yes','2022-06-13 19:26:48','2022-06-13 19:26:48'),(324,96,0,'No','2022-06-13 19:26:48','2022-06-13 19:26:48'),(325,97,1,'Yes','2022-06-13 19:26:48','2022-06-13 19:26:48'),(326,97,0,'No','2022-06-13 19:26:48','2022-06-13 19:26:48'),(327,98,1,'Yes','2022-06-13 19:26:48','2022-06-13 19:26:48'),(328,98,0,'No','2022-06-13 19:26:48','2022-06-13 19:26:48'),(329,99,1,'Yes','2022-06-13 19:26:48','2022-06-13 19:26:48'),(330,99,0,'No','2022-06-13 19:26:48','2022-06-13 19:26:48'),(331,100,1,'Ut ab aut repudiandae expedita ut quisquam. Molestiae eveniet velit est modi.','2022-06-13 19:26:48','2022-06-13 19:26:48'),(332,100,0,'Animi sint vel odio illo quo numquam voluptatum. Quia officia repudiandae repellat vel.','2022-06-13 19:26:48','2022-06-13 19:26:48'),(333,100,0,'Sit minus et sunt voluptas ratione explicabo aut. Quos cumque molestiae deleniti.','2022-06-13 19:26:48','2022-06-13 19:26:48'),(334,100,0,'Temporibus perferendis tempora sit aut. Quas optio ipsa aspernatur.','2022-06-13 19:26:48','2022-06-13 19:26:48'),(335,100,0,'Dicta occaecati aspernatur est. Omnis omnis ea aut.','2022-06-13 19:26:48','2022-06-13 19:26:48'),(336,101,1,'Animi voluptas esse aut sit amet est rem quas. Reprehenderit et et amet ea et dolorem.','2022-06-13 19:26:48','2022-06-13 19:26:48'),(337,101,0,'Architecto quibusdam ipsa odit consequuntur. Est consequatur accusamus illum eos a voluptas rem.','2022-06-13 19:26:48','2022-06-13 19:26:48'),(338,101,0,'Saepe corrupti aut sunt. Iure ipsam provident eum rerum sit natus. Hic vel voluptas ipsa ut ut et.','2022-06-13 19:26:48','2022-06-13 19:26:48'),(339,101,0,'Architecto consequatur minus dolorem. Possimus ut beatae quibusdam nihil harum minus et.','2022-06-13 19:26:48','2022-06-13 19:26:48'),(340,101,0,'Alias ullam beatae cupiditate quo et aut illum. Labore dolorem occaecati consequatur blanditiis.','2022-06-13 19:26:48','2022-06-13 19:26:48'),(341,102,1,'Animi facere harum occaecati. Ad aut qui et labore. Similique quod eos quis.','2022-06-13 19:26:48','2022-06-13 19:26:48'),(342,102,0,'Soluta quo occaecati non ut sint. Est est nulla autem iusto molestiae.','2022-06-13 19:26:48','2022-06-13 19:26:48'),(343,102,0,'Neque ullam quia quas suscipit vel. Distinctio aut laudantium voluptatem.','2022-06-13 19:26:48','2022-06-13 19:26:48'),(344,102,0,'Est beatae alias dicta omnis dolorem. Deleniti ad voluptas ut odio. Adipisci cum qui modi ut saepe.','2022-06-13 19:26:48','2022-06-13 19:26:48'),(345,102,0,'Atque blanditiis ipsam est fugit unde aut. Vel quis nihil nam rem. Veritatis nisi nesciunt eveniet.','2022-06-13 19:26:48','2022-06-13 19:26:48'),(346,103,1,'At eligendi et et architecto minus id. Cupiditate libero fugiat nostrum et aliquid est aut.','2022-06-13 19:26:48','2022-06-13 19:26:48'),(347,103,0,'Quam dolorum quidem perspiciatis et. Consequatur consequatur ut et iure adipisci.','2022-06-13 19:26:48','2022-06-13 19:26:48'),(348,103,0,'Ad nam ipsum fugit veniam. Earum aut provident provident numquam.','2022-06-13 19:26:48','2022-06-13 19:26:48'),(349,103,0,'Repellendus rerum qui excepturi dolor. Dicta voluptas rem quibusdam esse qui minus.','2022-06-13 19:26:48','2022-06-13 19:26:48'),(350,103,0,'Et corporis corrupti enim et odio. Dolorem in dolore maxime totam numquam quia ut.','2022-06-13 19:26:48','2022-06-13 19:26:48'),(351,104,1,'Accusantium voluptatem qui architecto earum voluptas maxime deserunt. Hic minima deleniti qui.','2022-06-13 19:26:48','2022-06-13 19:26:48'),(352,104,0,'Et dolores aut quam quis. Laborum quibusdam qui aut ut fugit voluptate reiciendis.','2022-06-13 19:26:48','2022-06-13 19:26:48'),(353,104,0,'Reiciendis sit quo accusamus. Qui provident aliquam quis et vero reiciendis et.','2022-06-13 19:26:48','2022-06-13 19:26:48'),(354,104,0,'Doloremque est error sit aut a. Quas nihil et quod enim. Alias et dolorem et nostrum.','2022-06-13 19:26:48','2022-06-13 19:26:48'),(355,104,0,'Incidunt ducimus dolorem voluptatum. Sed asperiores ullam in ex quaerat.','2022-06-13 19:26:48','2022-06-13 19:26:48'),(356,105,1,'Ut veritatis eum ut sed. Et neque maiores est corrupti. Sunt non dolore quia voluptas.','2022-06-13 19:26:48','2022-06-13 19:26:48'),(357,105,0,'Omnis repellendus iste aperiam. Eveniet nobis ea ipsum est maxime aut. Dolorem quos nisi et eos.','2022-06-13 19:26:48','2022-06-13 19:26:48'),(358,105,0,'Aut maxime in sit dolorem sunt eum nisi. Minus ex placeat et et perferendis sit.','2022-06-13 19:26:48','2022-06-13 19:26:48'),(359,105,0,'Perferendis atque libero vero voluptas. Dolor et est quaerat enim. Earum est iusto sunt.','2022-06-13 19:26:48','2022-06-13 19:26:48'),(360,105,0,'In ipsa sapiente ex nobis ut sunt. Hic tempora quaerat aliquam tempora.','2022-06-13 19:26:48','2022-06-13 19:26:48'),(361,106,1,'Magni dolores cumque repellat corporis suscipit. Eaque et aut nam.','2022-06-13 19:26:48','2022-06-13 19:26:48'),(362,106,0,'At modi ratione voluptatem totam maiores sit. Aliquid animi sequi aliquam doloribus voluptatem.','2022-06-13 19:26:48','2022-06-13 19:26:48'),(363,106,0,'Id earum alias suscipit minus quod aut. Sed quos ut consequatur distinctio vel autem accusantium.','2022-06-13 19:26:48','2022-06-13 19:26:48'),(364,106,0,'Voluptatem laudantium eum et ad recusandae voluptatem. Qui officiis iure expedita necessitatibus.','2022-06-13 19:26:48','2022-06-13 19:26:48'),(365,106,0,'Perferendis qui quia culpa quia quo. Exercitationem omnis et aut incidunt quos. Amet id nulla ad.','2022-06-13 19:26:48','2022-06-13 19:26:48'),(366,107,1,'Repudiandae iste cumque saepe cupiditate repellat. Iste aut sed voluptatum. Ut ducimus ut et omnis.','2022-06-13 19:26:48','2022-06-13 19:26:48'),(367,107,0,'Cumque quam ut blanditiis. Velit natus excepturi dolore doloribus et corporis dolor.','2022-06-13 19:26:48','2022-06-13 19:26:48'),(368,107,0,'Voluptatum et amet voluptatibus. Asperiores similique impedit velit.','2022-06-13 19:26:48','2022-06-13 19:26:48'),(369,107,0,'Dolorum quia et deleniti odio. Id tenetur expedita a dolorum consequuntur non minus.','2022-06-13 19:26:48','2022-06-13 19:26:48'),(370,107,0,'Et fugiat earum quia harum. Tenetur aliquid autem similique est.','2022-06-13 19:26:48','2022-06-13 19:26:48'),(371,108,1,'Quia voluptatem nulla reprehenderit fugit quia. Consequatur et beatae quas cupiditate in.','2022-06-13 19:26:48','2022-06-13 19:26:48'),(372,108,0,'Laborum magni omnis sed error. Voluptate omnis adipisci fuga quos ducimus voluptates nihil et.','2022-06-13 19:26:48','2022-06-13 19:26:48'),(373,108,0,'Fuga eos et officiis repudiandae. Aut itaque illum unde quis. Quo in cupiditate iusto.','2022-06-13 19:26:48','2022-06-13 19:26:48'),(374,108,0,'Asperiores facere qui odio et. Repudiandae accusantium quis tenetur.','2022-06-13 19:26:48','2022-06-13 19:26:48'),(375,108,0,'Autem aliquid enim ad est quidem et aut. Omnis iusto et beatae fugit consequatur asperiores.','2022-06-13 19:26:48','2022-06-13 19:26:48'),(376,109,1,'Quod velit quo culpa odio. Sed atque voluptatem nobis ut.','2022-06-13 19:26:48','2022-06-13 19:26:48'),(377,109,0,'Dolores beatae et esse fugit quia. Suscipit laboriosam modi quo ut.','2022-06-13 19:26:48','2022-06-13 19:26:48'),(378,109,0,'Commodi voluptatem sint vitae ex sit ipsam nam. Voluptates adipisci rerum ullam sint sit sit et.','2022-06-13 19:26:48','2022-06-13 19:26:48'),(379,109,0,'Odit eum tempore sint reprehenderit nostrum qui velit corrupti. Recusandae cum et et aut ipsa.','2022-06-13 19:26:48','2022-06-13 19:26:48'),(380,109,0,'Rerum laudantium culpa expedita eum. Ipsum quam vel aliquid eaque velit aut.','2022-06-13 19:26:48','2022-06-13 19:26:48'),(381,110,1,'Incidunt est nihil debitis voluptatum. Praesentium fugit voluptas sed libero omnis.','2022-06-13 19:26:48','2022-06-13 19:26:48'),(382,110,0,'Assumenda impedit vitae possimus rem aut nostrum. Distinctio atque est assumenda mollitia.','2022-06-13 19:26:48','2022-06-13 19:26:48'),(383,110,0,'Quia voluptatem ducimus ad optio totam esse qui. Accusantium ut explicabo quia illo sequi enim.','2022-06-13 19:26:48','2022-06-13 19:26:48'),(384,110,0,'Blanditiis totam dolor neque corrupti esse. Ea eligendi nostrum velit voluptatem.','2022-06-13 19:26:48','2022-06-13 19:26:48'),(385,110,0,'Quia quibusdam natus et. Odit sint modi quia vel.','2022-06-13 19:26:48','2022-06-13 19:26:48'),(386,111,1,'Yes','2022-06-13 19:26:48','2022-06-13 19:26:48'),(387,111,0,'No','2022-06-13 19:26:48','2022-06-13 19:26:48'),(388,112,1,'Yes','2022-06-13 19:26:48','2022-06-13 19:26:48'),(389,112,0,'No','2022-06-13 19:26:48','2022-06-13 19:26:48'),(390,113,1,'Yes','2022-06-13 19:26:48','2022-06-13 19:26:48'),(391,113,0,'No','2022-06-13 19:26:48','2022-06-13 19:26:48'),(392,114,1,'Yes','2022-06-13 19:26:48','2022-06-13 19:26:48'),(393,114,0,'No','2022-06-13 19:26:48','2022-06-13 19:26:48'),(394,115,1,'Yes','2022-06-13 19:26:48','2022-06-13 19:26:48'),(395,115,0,'No','2022-06-13 19:26:48','2022-06-13 19:26:48'),(396,116,1,'Yes','2022-06-13 19:26:48','2022-06-13 19:26:48'),(397,116,0,'No','2022-06-13 19:26:48','2022-06-13 19:26:48'),(398,117,1,'Yes','2022-06-13 19:26:48','2022-06-13 19:26:48'),(399,117,0,'No','2022-06-13 19:26:48','2022-06-13 19:26:48'),(400,118,1,'Yes','2022-06-13 19:26:48','2022-06-13 19:26:48'),(401,118,0,'No','2022-06-13 19:26:48','2022-06-13 19:26:48'),(402,119,1,'Yes','2022-06-13 19:26:48','2022-06-13 19:26:48'),(403,119,0,'No','2022-06-13 19:26:48','2022-06-13 19:26:48'),(404,120,1,'Yes','2022-06-13 19:26:48','2022-06-13 19:26:48'),(405,120,0,'No','2022-06-13 19:26:48','2022-06-13 19:26:48'),(406,121,1,'Yes','2022-06-13 19:26:48','2022-06-13 19:26:48'),(407,121,0,'No','2022-06-13 19:26:48','2022-06-13 19:26:48'),(408,122,1,'Sed hic nihil quo iste totam est laboriosam. Sed libero atque dolorem praesentium quia ab.','2022-06-13 19:26:48','2022-06-13 19:26:48'),(409,122,0,'Qui qui laudantium dignissimos. Cum et ut voluptas laboriosam quod delectus fugit atque.','2022-06-13 19:26:48','2022-06-13 19:26:48'),(410,122,0,'Et assumenda omnis dolores odit deleniti. Nemo quos quae totam voluptas.','2022-06-13 19:26:48','2022-06-13 19:26:48'),(411,122,0,'Expedita ipsam repudiandae et nihil. Illo voluptas animi accusantium numquam.','2022-06-13 19:26:48','2022-06-13 19:26:48'),(412,122,0,'Quo reiciendis eius suscipit consequuntur tempore. Repudiandae ex atque omnis.','2022-06-13 19:26:48','2022-06-13 19:26:48'),(413,123,1,'Est aut atque commodi quia facilis. Vitae ut omnis et sit iusto excepturi eos.','2022-06-13 19:26:48','2022-06-13 19:26:48'),(414,123,0,'Nobis at numquam atque odio voluptatem dolorem voluptatem. Et perspiciatis qui aut pariatur.','2022-06-13 19:26:48','2022-06-13 19:26:48'),(415,123,0,'Et aperiam voluptatem voluptas eaque nobis officia aliquid. Est modi et quaerat expedita.','2022-06-13 19:26:48','2022-06-13 19:26:48'),(416,123,0,'Consequuntur numquam et deleniti quia in ut sed. Occaecati atque et iste ut assumenda et.','2022-06-13 19:26:48','2022-06-13 19:26:48'),(417,123,0,'Quia est ex dolor nam ut. Voluptas qui quo molestiae velit et id.','2022-06-13 19:26:48','2022-06-13 19:26:48'),(418,124,1,'Quia aut beatae sit. Quis soluta officia ut repellat. In sed neque odio illum.','2022-06-13 19:26:48','2022-06-13 19:26:48'),(419,124,0,'Voluptatem quasi omnis illum iste maxime id quam. Impedit temporibus atque et magnam sint.','2022-06-13 19:26:48','2022-06-13 19:26:48'),(420,124,0,'Maxime maiores magnam quidem magni. Modi et dolore sunt pariatur. Eum tenetur similique sit quia.','2022-06-13 19:26:48','2022-06-13 19:26:48'),(421,124,0,'Et perspiciatis sit molestiae odio. Mollitia amet impedit iste aut modi.','2022-06-13 19:26:48','2022-06-13 19:26:48'),(422,124,0,'Natus commodi sit omnis velit accusantium. Id autem amet omnis maxime similique dolores odio.','2022-06-13 19:26:48','2022-06-13 19:26:48'),(423,125,1,'Aperiam doloremque qui ducimus dolor. At impedit est officia consequatur.','2022-06-13 19:26:48','2022-06-13 19:26:48'),(424,125,0,'Eum enim harum sunt quibusdam illum commodi. Eaque et sed inventore molestiae eum.','2022-06-13 19:26:48','2022-06-13 19:26:48'),(425,125,0,'Qui vel totam neque quis quas. Corporis qui cumque eius nisi. Nihil doloribus et maxime qui magnam.','2022-06-13 19:26:48','2022-06-13 19:26:48'),(426,125,0,'Est fuga labore natus incidunt. Tempore nostrum et nesciunt et.','2022-06-13 19:26:48','2022-06-13 19:26:48'),(427,125,0,'Dolorem aut sit maxime asperiores. Nemo voluptates at a qui. Eos incidunt in illo voluptate magnam.','2022-06-13 19:26:48','2022-06-13 19:26:48'),(428,126,1,'Ratione animi harum ea natus. Incidunt aut sed fugit rerum eaque et et. Veritatis eos et non.','2022-06-13 19:26:48','2022-06-13 19:26:48'),(429,126,0,'Ab accusantium qui aut excepturi rerum. Excepturi aut impedit aut vitae.','2022-06-13 19:26:48','2022-06-13 19:26:48'),(430,126,0,'Eligendi vitae quis sint vitae ut blanditiis. Corrupti molestiae corporis ea sit.','2022-06-13 19:26:48','2022-06-13 19:26:48'),(431,126,0,'Perferendis commodi veniam aperiam. Id eligendi ipsum rerum est molestias ducimus.','2022-06-13 19:26:48','2022-06-13 19:26:48'),(432,126,0,'Repellat ipsum soluta eius ad alias aperiam. Veniam sequi est dolore nemo ipsa non doloribus.','2022-06-13 19:26:48','2022-06-13 19:26:48'),(433,127,1,'Enim non magnam voluptas molestiae. Sit et sint voluptatum. Natus beatae sit in est.','2022-06-13 19:26:48','2022-06-13 19:26:48'),(434,127,0,'Tenetur nobis tenetur et cumque sed. Placeat sed in nesciunt explicabo eos aut.','2022-06-13 19:26:48','2022-06-13 19:26:48'),(435,127,0,'Dolorem eum aut esse amet aperiam. Non molestiae qui recusandae deleniti ut consequatur.','2022-06-13 19:26:48','2022-06-13 19:26:48'),(436,127,0,'Voluptates nesciunt est fugit amet. Eaque sed odit ea. Aut veniam sed accusantium.','2022-06-13 19:26:48','2022-06-13 19:26:48'),(437,127,0,'Qui pariatur officiis qui. Est commodi ut cumque blanditiis ratione accusantium.','2022-06-13 19:26:48','2022-06-13 19:26:48'),(438,128,1,'Sed aspernatur id alias laudantium. Similique voluptatem autem voluptatibus dolorem rerum.','2022-06-13 19:26:48','2022-06-13 19:26:48'),(439,128,0,'Vel similique odit voluptatem neque. Animi magnam delectus architecto ut est sint.','2022-06-13 19:26:48','2022-06-13 19:26:48'),(440,128,0,'Eum inventore asperiores maxime nam. Eius commodi et et explicabo ea reiciendis.','2022-06-13 19:26:48','2022-06-13 19:26:48'),(441,128,0,'Fugit et molestiae vero aut ducimus. Adipisci est illo ut doloremque.','2022-06-13 19:26:48','2022-06-13 19:26:48'),(442,128,0,'Nemo voluptatum dignissimos rem ipsum. Natus accusamus deleniti qui.','2022-06-13 19:26:48','2022-06-13 19:26:48'),(443,129,1,'Omnis quod similique natus quia ut eum ut rerum. Quos et et totam.','2022-06-13 19:26:48','2022-06-13 19:26:48'),(444,129,0,'Ut deserunt repudiandae ad ipsa nulla soluta vel. Nemo laudantium deserunt reiciendis ipsam quo.','2022-06-13 19:26:48','2022-06-13 19:26:48'),(445,129,0,'Alias vel expedita hic. Quia in perspiciatis maxime est dolore. Et ullam ut repellendus similique.','2022-06-13 19:26:48','2022-06-13 19:26:48'),(446,129,0,'Aut odit et optio. Dolorem explicabo sed quam laborum.','2022-06-13 19:26:48','2022-06-13 19:26:48'),(447,129,0,'Ea autem beatae quod ut. Ratione id reiciendis reprehenderit ut sapiente repellendus explicabo.','2022-06-13 19:26:48','2022-06-13 19:26:48'),(448,130,1,'Provident dolorem possimus et molestiae sint. Optio minima quia dolorem odio voluptatem nihil et.','2022-06-13 19:26:48','2022-06-13 19:26:48'),(449,130,0,'Et vel odit ut. Impedit ea ducimus nihil cumque voluptatum. Natus quia fuga quia omnis.','2022-06-13 19:26:48','2022-06-13 19:26:48'),(450,130,0,'Corrupti culpa officia odit dolor ea. Quam aut amet sequi sapiente.','2022-06-13 19:26:48','2022-06-13 19:26:48'),(451,130,0,'Dolor sit id optio pariatur omnis non. Natus aut cumque aut blanditiis tempore.','2022-06-13 19:26:48','2022-06-13 19:26:48'),(452,130,0,'Repellat et non repudiandae fuga. Pariatur sunt dolores quia nihil velit consectetur perspiciatis.','2022-06-13 19:26:48','2022-06-13 19:26:48'),(453,131,1,'Modi consequatur et quam hic reprehenderit. Sed minima officiis vero omnis quibusdam sed sint.','2022-06-13 19:26:48','2022-06-13 19:26:48'),(454,131,0,'Quam aut nobis necessitatibus ea eius. Incidunt dolorem veniam aliquid nesciunt vel.','2022-06-13 19:26:48','2022-06-13 19:26:48'),(455,131,0,'A rerum et corrupti. Natus quia eius vel itaque ea deserunt illo.','2022-06-13 19:26:48','2022-06-13 19:26:48'),(456,131,0,'Quam totam vitae eos autem ut eveniet. Blanditiis numquam aliquid omnis quis tenetur.','2022-06-13 19:26:48','2022-06-13 19:26:48'),(457,131,0,'Ut perspiciatis quo voluptate adipisci vitae. Vel velit distinctio iure.','2022-06-13 19:26:48','2022-06-13 19:26:48'),(458,132,1,'Et eveniet vel a. Aut eligendi blanditiis nesciunt quia qui deserunt. Sit et possimus sunt esse.','2022-06-13 19:26:48','2022-06-13 19:26:48'),(459,132,0,'Quia ducimus et autem voluptatem. Ut ipsum molestiae numquam quaerat ut.','2022-06-13 19:26:48','2022-06-13 19:26:48'),(460,132,0,'Voluptas in id laboriosam numquam ad. Quas eum voluptas doloremque. Quos aut quia commodi.','2022-06-13 19:26:48','2022-06-13 19:26:48'),(461,132,0,'Ipsam aut sed omnis aspernatur expedita quo ut. Repellat unde sit deserunt quidem.','2022-06-13 19:26:48','2022-06-13 19:26:48'),(462,132,0,'Eos totam sit aspernatur facere illo. Numquam et ipsa nemo. Libero molestiae fuga architecto.','2022-06-13 19:26:48','2022-06-13 19:26:48');

/*Table structure for table `quiz_guest_users` */

DROP TABLE IF EXISTS `quiz_guest_users`;

CREATE TABLE `quiz_guest_users` (
  `id` bigint unsigned NOT NULL AUTO_INCREMENT,
  `quiz_user_session_id` bigint unsigned NOT NULL,
  `firstname` varchar(255) COLLATE utf8mb4_unicode_ci NOT NULL,
  `lastname` varchar(255) COLLATE utf8mb4_unicode_ci NOT NULL,
  `email` varchar(255) COLLATE utf8mb4_unicode_ci NOT NULL,
  `created_at` timestamp NULL DEFAULT NULL,
  `updated_at` timestamp NULL DEFAULT NULL,
  PRIMARY KEY (`id`),
  KEY `quiz_guest_users_quiz_user_session_id_foreign` (`quiz_user_session_id`),
  CONSTRAINT `quiz_guest_users_quiz_user_session_id_foreign` FOREIGN KEY (`quiz_user_session_id`) REFERENCES `quiz_user_sessions` (`id`) ON DELETE CASCADE
) ENGINE=InnoDB AUTO_INCREMENT=2 DEFAULT CHARSET=utf8mb4 COLLATE=utf8mb4_unicode_ci;

/*Data for the table `quiz_guest_users` */

insert  into `quiz_guest_users`(`id`,`quiz_user_session_id`,`firstname`,`lastname`,`email`,`created_at`,`updated_at`) values (1,1,'John','Smith','testuser11@gmail.com','2022-06-13 19:27:18','2022-06-13 19:27:18');

/*Table structure for table `quiz_questions` */

DROP TABLE IF EXISTS `quiz_questions`;

CREATE TABLE `quiz_questions` (
  `id` bigint unsigned NOT NULL AUTO_INCREMENT,
  `quiz_id` bigint unsigned NOT NULL,
  `mode` enum('binary','multiple_choice') COLLATE utf8mb4_unicode_ci NOT NULL DEFAULT 'binary',
  `title` varchar(255) COLLATE utf8mb4_unicode_ci NOT NULL,
  `created_at` timestamp NULL DEFAULT NULL,
  `updated_at` timestamp NULL DEFAULT NULL,
  PRIMARY KEY (`id`),
  KEY `quiz_questions_quiz_id_foreign` (`quiz_id`),
  CONSTRAINT `quiz_questions_quiz_id_foreign` FOREIGN KEY (`quiz_id`) REFERENCES `quizzes` (`id`) ON DELETE CASCADE
) ENGINE=InnoDB AUTO_INCREMENT=133 DEFAULT CHARSET=utf8mb4 COLLATE=utf8mb4_unicode_ci;

/*Data for the table `quiz_questions` */

insert  into `quiz_questions`(`id`,`quiz_id`,`mode`,`title`,`created_at`,`updated_at`) values (1,1,'binary','Fuga non dolor quod id. Doloribus esse et dolorum rerum eos. Sit a enim consectetur.?','2022-06-13 19:26:46','2022-06-13 19:26:46'),(2,1,'binary','Quia modi atque modi rerum quo. Hic eligendi laborum reprehenderit vel qui laudantium nihil illo.?','2022-06-13 19:26:46','2022-06-13 19:26:46'),(3,1,'binary','Quo eaque natus accusamus aut doloremque. Quidem non modi quis ipsa ea. Facilis nisi et et sed.?','2022-06-13 19:26:46','2022-06-13 19:26:46'),(4,1,'binary','Aliquid et et aut aut illum. Est fugiat animi molestiae et. Aut unde cum vero error dolores illo.?','2022-06-13 19:26:46','2022-06-13 19:26:46'),(5,1,'binary','Rerum suscipit est ut assumenda voluptas ut rem eius. Velit ipsa eveniet enim repellat architecto.?','2022-06-13 19:26:46','2022-06-13 19:26:46'),(6,1,'binary','Quasi minima in sit doloribus. Dicta odio delectus deleniti corporis autem occaecati ab.?','2022-06-13 19:26:46','2022-06-13 19:26:46'),(7,1,'binary','Ullam aliquid dolorem repellendus. Optio non minus voluptatibus quo consequatur itaque.?','2022-06-13 19:26:46','2022-06-13 19:26:46'),(8,1,'binary','Quas ab ut et ipsa a eos possimus. Et molestiae ab aut rem. Labore enim voluptatum aut iusto.?','2022-06-13 19:26:46','2022-06-13 19:26:46'),(9,1,'binary','Qui velit et voluptates quibusdam. Ut dolor rem quidem corrupti.?','2022-06-13 19:26:46','2022-06-13 19:26:46'),(10,1,'binary','Et incidunt ea ullam rerum. Et tenetur non excepturi eius sequi. Porro non magnam et est.?','2022-06-13 19:26:46','2022-06-13 19:26:46'),(11,1,'binary','Ab est sint rerum. Tempora corrupti incidunt ut voluptates. Autem in hic ut occaecati repellendus.?','2022-06-13 19:26:46','2022-06-13 19:26:46'),(12,1,'multiple_choice','Sed nam eveniet quasi saepe dolorem repellat non ratione. Necessitatibus magnam et et sapiente.?','2022-06-13 19:26:46','2022-06-13 19:26:46'),(13,1,'multiple_choice','Alias laudantium dolore porro nesciunt porro ipsam. Debitis qui cumque et alias.?','2022-06-13 19:26:46','2022-06-13 19:26:46'),(14,1,'multiple_choice','Quos voluptatibus cum autem hic iusto. Ullam dolorem molestiae illo optio consequatur.?','2022-06-13 19:26:46','2022-06-13 19:26:46'),(15,1,'multiple_choice','Corrupti officiis impedit animi et. Voluptas repellat ullam nihil ut.?','2022-06-13 19:26:46','2022-06-13 19:26:46'),(16,1,'multiple_choice','Reprehenderit aut illum et qui sunt totam quo. Sit eum est fuga.?','2022-06-13 19:26:46','2022-06-13 19:26:46'),(17,1,'multiple_choice','Enim ipsa ut iusto. Et soluta maxime fugit inventore expedita sapiente.?','2022-06-13 19:26:47','2022-06-13 19:26:47'),(18,1,'multiple_choice','Facere perferendis provident non amet quidem. Veniam enim nam illo. Occaecati in non sint quis.?','2022-06-13 19:26:47','2022-06-13 19:26:47'),(19,1,'multiple_choice','Modi tempora inventore reiciendis in iure. Quis aut in sint dolores culpa tempora et dolor.?','2022-06-13 19:26:47','2022-06-13 19:26:47'),(20,1,'multiple_choice','Possimus eaque accusamus nisi ab cumque. Id impedit fugiat rerum omnis.?','2022-06-13 19:26:47','2022-06-13 19:26:47'),(21,1,'multiple_choice','Consequatur vitae eveniet et et. Dicta et voluptates accusamus nemo aut quo.?','2022-06-13 19:26:47','2022-06-13 19:26:47'),(22,1,'multiple_choice','Possimus at sint consequuntur. Non autem aperiam neque voluptatem tenetur.?','2022-06-13 19:26:47','2022-06-13 19:26:47'),(23,2,'binary','Soluta ducimus voluptatum consequuntur velit dolores. Omnis qui eius earum expedita commodi.?','2022-06-13 19:26:47','2022-06-13 19:26:47'),(24,2,'binary','Quis qui quia est non voluptatem aliquam. Debitis molestiae in sit velit.?','2022-06-13 19:26:47','2022-06-13 19:26:47'),(25,2,'binary','Dolore magni officia recusandae ab neque. Illum consequatur quos et sunt et et. Ipsam ut cum aut.?','2022-06-13 19:26:47','2022-06-13 19:26:47'),(26,2,'binary','Corporis ut velit et laborum. Vero optio aut nihil eveniet iusto est voluptates.?','2022-06-13 19:26:47','2022-06-13 19:26:47'),(27,2,'binary','Ratione ducimus molestiae ea. Ut asperiores omnis eum eaque sequi.?','2022-06-13 19:26:47','2022-06-13 19:26:47'),(28,2,'binary','Voluptatem amet ad odio et qui. Error maxime architecto incidunt iste molestiae quis.?','2022-06-13 19:26:47','2022-06-13 19:26:47'),(29,2,'binary','Rerum placeat omnis consequuntur quia. Nemo est est est tempora perferendis.?','2022-06-13 19:26:47','2022-06-13 19:26:47'),(30,2,'binary','Totam eveniet aliquam repellat qui quia voluptate. Aut ex quia totam beatae exercitationem.?','2022-06-13 19:26:47','2022-06-13 19:26:47'),(31,2,'binary','Ab excepturi aliquam aut possimus fugiat ea. Eaque consequatur quo earum et.?','2022-06-13 19:26:47','2022-06-13 19:26:47'),(32,2,'binary','Vitae delectus aut ut dolor impedit. Sed cumque aut est. Nobis quis soluta voluptate eum placeat.?','2022-06-13 19:26:47','2022-06-13 19:26:47'),(33,2,'binary','Molestiae asperiores temporibus magni. Dolorum dolores rerum et non rerum beatae molestiae ad.?','2022-06-13 19:26:47','2022-06-13 19:26:47'),(34,2,'multiple_choice','Iste vel cupiditate ad voluptatem. Ullam ipsum iste qui deleniti quos. Maxime quasi rerum soluta.?','2022-06-13 19:26:47','2022-06-13 19:26:47'),(35,2,'multiple_choice','Est aut fugit molestiae voluptatem id fugit eum. Praesentium facilis soluta et ut.?','2022-06-13 19:26:47','2022-06-13 19:26:47'),(36,2,'multiple_choice','Ipsa tempora commodi atque non blanditiis voluptatum. Optio consequuntur dolorum asperiores libero.?','2022-06-13 19:26:47','2022-06-13 19:26:47'),(37,2,'multiple_choice','Beatae non voluptas corporis. Ut mollitia non repudiandae praesentium odit fuga.?','2022-06-13 19:26:47','2022-06-13 19:26:47'),(38,2,'multiple_choice','Qui dolorem nemo omnis illum sint. Atque cumque vel sed. Quisquam ad dicta velit ea voluptatem.?','2022-06-13 19:26:47','2022-06-13 19:26:47'),(39,2,'multiple_choice','Maxime ut in asperiores amet. Id magnam minima perspiciatis nesciunt sed repudiandae.?','2022-06-13 19:26:47','2022-06-13 19:26:47'),(40,2,'multiple_choice','Et ea et nihil qui nobis sequi adipisci. Non quia ullam ipsam ut. Incidunt quos non nihil eaque.?','2022-06-13 19:26:47','2022-06-13 19:26:47'),(41,2,'multiple_choice','Soluta quibusdam dolorem aut voluptatem est sed. Enim animi iste ea molestiae est voluptatem sit.?','2022-06-13 19:26:47','2022-06-13 19:26:47'),(42,2,'multiple_choice','Consectetur dolore quia animi cumque et commodi. Tempora quibusdam omnis quas quo sit illo.?','2022-06-13 19:26:47','2022-06-13 19:26:47'),(43,2,'multiple_choice','Est veniam delectus est fugit quos sint. Laboriosam voluptatem quis quisquam.?','2022-06-13 19:26:47','2022-06-13 19:26:47'),(44,2,'multiple_choice','Et omnis illum atque nam. At ut illo atque sit dolores. Quos voluptate quam laudantium sit odit.?','2022-06-13 19:26:47','2022-06-13 19:26:47'),(45,3,'binary','Laboriosam a officia ut maiores. Tempora ut ut autem et quis est. Nam optio esse dolorem aliquam.?','2022-06-13 19:26:47','2022-06-13 19:26:47'),(46,3,'binary','Quibusdam sit magnam quibusdam cupiditate excepturi porro. Alias impedit a assumenda.?','2022-06-13 19:26:47','2022-06-13 19:26:47'),(47,3,'binary','Iusto expedita ea ipsa. Tempora consequatur eum est molestiae voluptatum.?','2022-06-13 19:26:47','2022-06-13 19:26:47'),(48,3,'binary','Tenetur sit deleniti sit ut explicabo optio a et. Rerum quos temporibus blanditiis tempora.?','2022-06-13 19:26:47','2022-06-13 19:26:47'),(49,3,'binary','Impedit dignissimos atque quo. Omnis deserunt ad rem perspiciatis autem nisi.?','2022-06-13 19:26:47','2022-06-13 19:26:47'),(50,3,'binary','Rerum voluptatem laborum pariatur. Incidunt excepturi iusto ut omnis sequi.?','2022-06-13 19:26:47','2022-06-13 19:26:47'),(51,3,'binary','Molestiae quos voluptas consequatur ab. Error et non quos quidem qui. Facere est vel vero impedit.?','2022-06-13 19:26:47','2022-06-13 19:26:47'),(52,3,'binary','Veniam est enim nisi. Illo vero harum et et. Et aut quibusdam molestiae odio.?','2022-06-13 19:26:47','2022-06-13 19:26:47'),(53,3,'binary','Quia minima iste ullam cum praesentium sit et. Voluptatem quam nulla animi sunt adipisci.?','2022-06-13 19:26:47','2022-06-13 19:26:47'),(54,3,'binary','Esse et nam praesentium. Natus neque itaque eos voluptas et. Velit praesentium est beatae corporis.?','2022-06-13 19:26:47','2022-06-13 19:26:47'),(55,3,'binary','Et libero non excepturi sed. Nemo dolor fugiat totam. Tempora hic quibusdam doloremque ut eum.?','2022-06-13 19:26:47','2022-06-13 19:26:47'),(56,3,'multiple_choice','Odio provident delectus quod inventore. Totam dicta esse voluptatem.?','2022-06-13 19:26:47','2022-06-13 19:26:47'),(57,3,'multiple_choice','Accusantium porro a qui a. Autem error autem autem rerum dignissimos.?','2022-06-13 19:26:47','2022-06-13 19:26:47'),(58,3,'multiple_choice','Eligendi illum at mollitia ducimus incidunt. Doloremque et eligendi voluptatem recusandae.?','2022-06-13 19:26:47','2022-06-13 19:26:47'),(59,3,'multiple_choice','Modi ipsam occaecati in beatae in. Soluta enim sit amet dolor.?','2022-06-13 19:26:47','2022-06-13 19:26:47'),(60,3,'multiple_choice','Ducimus accusamus quisquam deserunt illo dolores nobis. Aut laudantium eligendi veniam ab.?','2022-06-13 19:26:47','2022-06-13 19:26:47'),(61,3,'multiple_choice','Expedita quia ea ipsa modi. Magnam error atque quaerat culpa maiores.?','2022-06-13 19:26:47','2022-06-13 19:26:47'),(62,3,'multiple_choice','Et ipsam aperiam beatae sequi. Consequatur quam ducimus harum repellat.?','2022-06-13 19:26:47','2022-06-13 19:26:47'),(63,3,'multiple_choice','Nesciunt qui adipisci repudiandae ut debitis sit. Vitae nesciunt sit et quo.?','2022-06-13 19:26:47','2022-06-13 19:26:47'),(64,3,'multiple_choice','Non eveniet et aut dolorem praesentium laboriosam ut. Quas fuga quibusdam voluptatibus iure.?','2022-06-13 19:26:47','2022-06-13 19:26:47'),(65,3,'multiple_choice','Ut consequatur aperiam fugiat et. Expedita cum vel dolorem qui a architecto nesciunt.?','2022-06-13 19:26:47','2022-06-13 19:26:47'),(66,3,'multiple_choice','Quia tenetur eius magnam dolorum. Illo occaecati ullam necessitatibus commodi fuga ratione vero.?','2022-06-13 19:26:47','2022-06-13 19:26:47'),(67,4,'binary','Eos commodi in ut repellat. Laudantium delectus debitis minima doloribus quis rem.?','2022-06-13 19:26:47','2022-06-13 19:26:47'),(68,4,'binary','Ab nobis explicabo sed quo pariatur. Nulla ab soluta quod rerum eveniet et sint maiores.?','2022-06-13 19:26:47','2022-06-13 19:26:47'),(69,4,'binary','Non ut aspernatur repudiandae quasi occaecati libero. Alias ut et veritatis iure.?','2022-06-13 19:26:47','2022-06-13 19:26:47'),(70,4,'binary','Veniam vel ducimus nemo ut omnis distinctio. Rerum id reprehenderit eligendi tempora itaque.?','2022-06-13 19:26:47','2022-06-13 19:26:47'),(71,4,'binary','Quo consequatur aut fuga deleniti rerum. Neque voluptatum placeat et.?','2022-06-13 19:26:47','2022-06-13 19:26:47'),(72,4,'binary','Veniam et eum unde nobis pariatur inventore occaecati. Unde et facere ut est.?','2022-06-13 19:26:47','2022-06-13 19:26:47'),(73,4,'binary','Id quibusdam aspernatur a animi ea. Dolor totam autem quod est et. Amet in mollitia ea cumque eum.?','2022-06-13 19:26:47','2022-06-13 19:26:47'),(74,4,'binary','Beatae non dolores enim aliquid exercitationem. Voluptas autem maiores ex omnis fugit sint quia.?','2022-06-13 19:26:47','2022-06-13 19:26:47'),(75,4,'binary','Et cumque repellendus atque sit dicta. Nostrum at ipsa omnis.?','2022-06-13 19:26:47','2022-06-13 19:26:47'),(76,4,'binary','Aut eum hic non. Ut soluta quo quisquam. Ad odit perspiciatis nemo.?','2022-06-13 19:26:47','2022-06-13 19:26:47'),(77,4,'binary','Esse veniam temporibus explicabo sed ut sint nostrum. Aut id et et similique.?','2022-06-13 19:26:47','2022-06-13 19:26:47'),(78,4,'multiple_choice','Qui voluptatem voluptatem dolore omnis ut est et quia. Sit in dolorem ad praesentium.?','2022-06-13 19:26:47','2022-06-13 19:26:47'),(79,4,'multiple_choice','Vero doloribus ab eum. Eveniet cumque qui et qui. Dolorum in doloribus unde.?','2022-06-13 19:26:47','2022-06-13 19:26:47'),(80,4,'multiple_choice','Ut nesciunt sequi tempore voluptatem et ea. Veniam excepturi et optio et aliquam eos.?','2022-06-13 19:26:47','2022-06-13 19:26:47'),(81,4,'multiple_choice','Provident sit voluptates hic. Consequatur aperiam facilis sint excepturi dolorem consequatur.?','2022-06-13 19:26:47','2022-06-13 19:26:47'),(82,4,'multiple_choice','Et aut sint ut. Nemo nihil iste itaque ut.?','2022-06-13 19:26:47','2022-06-13 19:26:47'),(83,4,'multiple_choice','Ipsa aut aliquid dicta saepe velit qui. Nobis quis eaque rem.?','2022-06-13 19:26:47','2022-06-13 19:26:47'),(84,4,'multiple_choice','Quae autem illo qui nesciunt odit. Ut ea necessitatibus eum optio repellat aut.?','2022-06-13 19:26:47','2022-06-13 19:26:47'),(85,4,'multiple_choice','Praesentium distinctio voluptatem modi vitae omnis. Ad distinctio rerum quo ea quae aliquam.?','2022-06-13 19:26:48','2022-06-13 19:26:48'),(86,4,'multiple_choice','Tempora non aut rerum eius. Aut sunt explicabo autem voluptatem.?','2022-06-13 19:26:48','2022-06-13 19:26:48'),(87,4,'multiple_choice','Repellat rerum quis laboriosam molestiae qui in. Aut dolore dolor omnis ullam voluptatibus.?','2022-06-13 19:26:48','2022-06-13 19:26:48'),(88,4,'multiple_choice','Id consequuntur possimus harum a omnis vel. Ut animi similique consequatur quia dignissimos.?','2022-06-13 19:26:48','2022-06-13 19:26:48'),(89,5,'binary','Repellat quo enim rerum fugit a. Ut qui ad voluptatem et qui autem ea voluptate.?','2022-06-13 19:26:48','2022-06-13 19:26:48'),(90,5,'binary','Maxime error dolores vero. Et aliquid vitae distinctio similique eum. Odit esse minus aut error.?','2022-06-13 19:26:48','2022-06-13 19:26:48'),(91,5,'binary','Vitae eius vel praesentium non. Impedit suscipit id perferendis sit. Unde facere iusto totam et.?','2022-06-13 19:26:48','2022-06-13 19:26:48'),(92,5,'binary','Qui quia harum labore. Quas omnis nostrum facere est. Rerum et non cum porro tempore ea repellat.?','2022-06-13 19:26:48','2022-06-13 19:26:48'),(93,5,'binary','Fugit hic est et et. Doloremque itaque unde pariatur quae. Doloremque dolorem ab deserunt et.?','2022-06-13 19:26:48','2022-06-13 19:26:48'),(94,5,'binary','Dolores cupiditate laboriosam non. Deserunt consequatur eos qui sint dolores consequatur.?','2022-06-13 19:26:48','2022-06-13 19:26:48'),(95,5,'binary','Voluptatem qui numquam enim nesciunt omnis. Cupiditate in nulla in sint esse ut.?','2022-06-13 19:26:48','2022-06-13 19:26:48'),(96,5,'binary','Quas ex qui error fugiat. Neque voluptatem velit libero reprehenderit.?','2022-06-13 19:26:48','2022-06-13 19:26:48'),(97,5,'binary','Quis tempora nobis ex. Quasi tempore et beatae ut iusto et dolore.?','2022-06-13 19:26:48','2022-06-13 19:26:48'),(98,5,'binary','Et et et natus voluptates quia voluptates quisquam est. Doloremque sint nostrum soluta natus.?','2022-06-13 19:26:48','2022-06-13 19:26:48'),(99,5,'binary','Et autem incidunt vel id. Et placeat eum earum soluta. Illum hic soluta quia vitae est.?','2022-06-13 19:26:48','2022-06-13 19:26:48'),(100,5,'multiple_choice','Possimus consectetur ea debitis. Ipsam et est illo et totam enim. Cupiditate et tempore ex sit.?','2022-06-13 19:26:48','2022-06-13 19:26:48'),(101,5,'multiple_choice','Ab ipsum dolores debitis. Est voluptas laborum dolorem aut inventore maxime.?','2022-06-13 19:26:48','2022-06-13 19:26:48'),(102,5,'multiple_choice','Saepe perferendis saepe nesciunt rem quibusdam. Magni beatae corporis eius excepturi.?','2022-06-13 19:26:48','2022-06-13 19:26:48'),(103,5,'multiple_choice','Et sunt velit delectus temporibus ut. Ea voluptas rem unde nemo.?','2022-06-13 19:26:48','2022-06-13 19:26:48'),(104,5,'multiple_choice','Magni aliquam autem quam. Et voluptatem harum ducimus. Sit officiis voluptatem natus odit.?','2022-06-13 19:26:48','2022-06-13 19:26:48'),(105,5,'multiple_choice','Est non illo quas eius est quidem voluptatem natus. In dolores non nisi.?','2022-06-13 19:26:48','2022-06-13 19:26:48'),(106,5,'multiple_choice','Aut autem eos quo magni maiores culpa odit. Accusamus et ab tempora nisi.?','2022-06-13 19:26:48','2022-06-13 19:26:48'),(107,5,'multiple_choice','A quia non incidunt. Perspiciatis qui harum et ipsum inventore. Temporibus ex et rerum.?','2022-06-13 19:26:48','2022-06-13 19:26:48'),(108,5,'multiple_choice','Eos quo ipsam eum sapiente. Voluptas accusamus maxime facilis iste. Ut modi et eum ut nihil.?','2022-06-13 19:26:48','2022-06-13 19:26:48'),(109,5,'multiple_choice','Corporis molestiae et aut quia omnis explicabo. Sed quia quidem et error.?','2022-06-13 19:26:48','2022-06-13 19:26:48'),(110,5,'multiple_choice','Alias saepe quo dolorem in praesentium qui. Laborum quae placeat sequi.?','2022-06-13 19:26:48','2022-06-13 19:26:48'),(111,6,'binary','Voluptatem nostrum facilis aut quas. Quia et nihil saepe tempora. A sint atque illum vel sunt sed.?','2022-06-13 19:26:48','2022-06-13 19:26:48'),(112,6,'binary','Et possimus magni cupiditate sit eveniet. Vel error libero quod laborum ratione.?','2022-06-13 19:26:48','2022-06-13 19:26:48'),(113,6,'binary','Neque pariatur nobis quisquam eius. Atque cupiditate beatae sequi labore.?','2022-06-13 19:26:48','2022-06-13 19:26:48'),(114,6,'binary','Voluptate laboriosam ipsa debitis natus. Fugit saepe esse doloremque explicabo quaerat.?','2022-06-13 19:26:48','2022-06-13 19:26:48'),(115,6,'binary','Ut accusamus est nisi autem. Veniam labore sunt nisi. Vero odit cupiditate ducimus velit.?','2022-06-13 19:26:48','2022-06-13 19:26:48'),(116,6,'binary','Numquam omnis doloribus vel. Ratione dolores molestias at consequatur voluptatem quisquam voluptas.?','2022-06-13 19:26:48','2022-06-13 19:26:48'),(117,6,'binary','Fugit voluptate aut non id quis. Quod ut voluptatibus veritatis nisi. Qui ea rerum quia fugit.?','2022-06-13 19:26:48','2022-06-13 19:26:48'),(118,6,'binary','In sunt architecto dolores unde dolore perspiciatis. Odit eos perspiciatis ad.?','2022-06-13 19:26:48','2022-06-13 19:26:48'),(119,6,'binary','Fuga iste ipsa amet quas. Vero voluptatum ipsum fugiat. Fuga sequi blanditiis odio sequi.?','2022-06-13 19:26:48','2022-06-13 19:26:48'),(120,6,'binary','Doloremque ab voluptas ratione cupiditate ratione a modi. Voluptas odit possimus ea.?','2022-06-13 19:26:48','2022-06-13 19:26:48'),(121,6,'binary','Sit consequatur totam eum assumenda sed. Fuga mollitia eveniet dolores.?','2022-06-13 19:26:48','2022-06-13 19:26:48'),(122,6,'multiple_choice','Inventore temporibus et iure. Nesciunt ducimus autem quos voluptatem.?','2022-06-13 19:26:48','2022-06-13 19:26:48'),(123,6,'multiple_choice','Quia temporibus possimus et aperiam ad. Asperiores quis labore libero est pariatur ut et.?','2022-06-13 19:26:48','2022-06-13 19:26:48'),(124,6,'multiple_choice','Sit repellat amet a ad vel quis. Non ab perspiciatis omnis dolorum.?','2022-06-13 19:26:48','2022-06-13 19:26:48'),(125,6,'multiple_choice','Voluptatum omnis est quisquam non dolor ut. Eligendi illo vitae et consequuntur optio voluptates.?','2022-06-13 19:26:48','2022-06-13 19:26:48'),(126,6,'multiple_choice','Voluptatem tenetur vero suscipit. Rem repudiandae consequatur nulla sed cum. In omnis porro atque.?','2022-06-13 19:26:48','2022-06-13 19:26:48'),(127,6,'multiple_choice','Beatae cupiditate et doloribus molestias maiores a. Quos facilis totam atque aut aut voluptates.?','2022-06-13 19:26:48','2022-06-13 19:26:48'),(128,6,'multiple_choice','Quia reiciendis sint hic quis. Architecto quos quibusdam ut.?','2022-06-13 19:26:48','2022-06-13 19:26:48'),(129,6,'multiple_choice','Qui alias voluptates id molestias. Quibusdam pariatur ut quia omnis suscipit qui sint.?','2022-06-13 19:26:48','2022-06-13 19:26:48'),(130,6,'multiple_choice','Odio sit totam ex quis laborum accusantium sit. Ut consectetur harum sunt sit ab ex dolorum.?','2022-06-13 19:26:48','2022-06-13 19:26:48'),(131,6,'multiple_choice','Pariatur dolores consequuntur voluptas corporis voluptatem aut tempore. Et rerum impedit similique.?','2022-06-13 19:26:48','2022-06-13 19:26:48'),(132,6,'multiple_choice','Exercitationem dolores accusamus veritatis libero delectus vel. Odit a quia eaque.?','2022-06-13 19:26:48','2022-06-13 19:26:48');

/*Table structure for table `quiz_statistics` */

DROP TABLE IF EXISTS `quiz_statistics`;

CREATE TABLE `quiz_statistics` (
  `id` bigint unsigned NOT NULL AUTO_INCREMENT,
  `quiz_id` bigint unsigned NOT NULL,
  `quiz_guest_user_id` bigint unsigned NOT NULL,
  `is_ended` tinyint(1) NOT NULL,
  `unanswered_count` smallint NOT NULL DEFAULT '0',
  `score` smallint NOT NULL,
  `duration_left` int NOT NULL,
  `submit_date` timestamp NOT NULL,
  `created_at` timestamp NULL DEFAULT NULL,
  `updated_at` timestamp NULL DEFAULT NULL,
  PRIMARY KEY (`id`),
  KEY `quiz_statistics_quiz_id_foreign` (`quiz_id`),
  KEY `quiz_statistics_quiz_guest_user_id_foreign` (`quiz_guest_user_id`),
  CONSTRAINT `quiz_statistics_quiz_guest_user_id_foreign` FOREIGN KEY (`quiz_guest_user_id`) REFERENCES `quiz_guest_users` (`id`) ON DELETE CASCADE,
  CONSTRAINT `quiz_statistics_quiz_id_foreign` FOREIGN KEY (`quiz_id`) REFERENCES `quizzes` (`id`) ON DELETE CASCADE
) ENGINE=InnoDB AUTO_INCREMENT=2 DEFAULT CHARSET=utf8mb4 COLLATE=utf8mb4_unicode_ci;

/*Data for the table `quiz_statistics` */

insert  into `quiz_statistics`(`id`,`quiz_id`,`quiz_guest_user_id`,`is_ended`,`unanswered_count`,`score`,`duration_left`,`submit_date`,`created_at`,`updated_at`) values (1,4,1,0,4,36,245081,'2022-06-13 19:28:03','2022-06-13 19:27:20','2022-06-13 19:28:03');

/*Table structure for table `quiz_user_answers` */

DROP TABLE IF EXISTS `quiz_user_answers`;

CREATE TABLE `quiz_user_answers` (
  `id` bigint unsigned NOT NULL AUTO_INCREMENT,
  `quiz_user_session_id` bigint unsigned NOT NULL,
  `quiz_question_id` bigint unsigned NOT NULL,
  `quiz_answer_id` bigint unsigned NOT NULL,
  `created_at` timestamp NULL DEFAULT NULL,
  `updated_at` timestamp NULL DEFAULT NULL,
  PRIMARY KEY (`id`),
  KEY `quiz_user_answers_quiz_user_session_id_foreign` (`quiz_user_session_id`),
  KEY `quiz_user_answers_quiz_question_id_foreign` (`quiz_question_id`),
  KEY `quiz_user_answers_quiz_answer_id_foreign` (`quiz_answer_id`),
  CONSTRAINT `quiz_user_answers_quiz_answer_id_foreign` FOREIGN KEY (`quiz_answer_id`) REFERENCES `quiz_answers` (`id`) ON DELETE CASCADE,
  CONSTRAINT `quiz_user_answers_quiz_question_id_foreign` FOREIGN KEY (`quiz_question_id`) REFERENCES `quiz_questions` (`id`) ON DELETE CASCADE,
  CONSTRAINT `quiz_user_answers_quiz_user_session_id_foreign` FOREIGN KEY (`quiz_user_session_id`) REFERENCES `quiz_user_sessions` (`id`) ON DELETE CASCADE
) ENGINE=InnoDB AUTO_INCREMENT=8 DEFAULT CHARSET=utf8mb4 COLLATE=utf8mb4_unicode_ci;

/*Data for the table `quiz_user_answers` */

insert  into `quiz_user_answers`(`id`,`quiz_user_session_id`,`quiz_question_id`,`quiz_answer_id`,`created_at`,`updated_at`) values (1,1,78,257,'2022-06-13 19:27:20','2022-06-13 19:27:20'),(2,1,79,259,'2022-06-13 19:27:23','2022-06-13 19:27:23'),(3,1,80,266,'2022-06-13 19:27:26','2022-06-13 19:27:26'),(4,1,81,269,'2022-06-13 19:27:29','2022-06-13 19:27:29'),(5,1,84,285,'2022-06-13 19:27:33','2022-06-13 19:27:33'),(6,1,85,289,'2022-06-13 19:27:40','2022-06-13 19:27:40'),(7,1,88,304,'2022-06-13 19:28:03','2022-06-13 19:28:03');

/*Table structure for table `quiz_user_sessions` */

DROP TABLE IF EXISTS `quiz_user_sessions`;

CREATE TABLE `quiz_user_sessions` (
  `id` bigint unsigned NOT NULL AUTO_INCREMENT,
  `quiz_id` bigint unsigned NOT NULL,
  `user_id` bigint unsigned DEFAULT NULL COMMENT 'Will be null if the user is guest',
  `mode` enum('binary','multiple_choice') COLLATE utf8mb4_unicode_ci NOT NULL DEFAULT 'binary',
  `user_token` varchar(255) COLLATE utf8mb4_unicode_ci NOT NULL,
  `token` varchar(255) COLLATE utf8mb4_unicode_ci NOT NULL,
  `expires_at` timestamp NOT NULL,
  `created_at` timestamp NULL DEFAULT NULL,
  `updated_at` timestamp NULL DEFAULT NULL,
  PRIMARY KEY (`id`),
  KEY `quiz_user_sessions_quiz_id_foreign` (`quiz_id`),
  KEY `quiz_user_sessions_user_id_foreign` (`user_id`),
  CONSTRAINT `quiz_user_sessions_quiz_id_foreign` FOREIGN KEY (`quiz_id`) REFERENCES `quizzes` (`id`) ON DELETE CASCADE,
  CONSTRAINT `quiz_user_sessions_user_id_foreign` FOREIGN KEY (`user_id`) REFERENCES `users` (`id`) ON DELETE CASCADE
) ENGINE=InnoDB AUTO_INCREMENT=2 DEFAULT CHARSET=utf8mb4 COLLATE=utf8mb4_unicode_ci;

/*Data for the table `quiz_user_sessions` */

insert  into `quiz_user_sessions`(`id`,`quiz_id`,`user_id`,`mode`,`user_token`,`token`,`expires_at`,`created_at`,`updated_at`) values (1,4,NULL,'binary','3gYhefAZFI7D5MV20Z2ouRE9y1wPz1wKxZzIuUbd7wjldQ9ESrsihK2iE9ps','4IY6SyarVo3X8wovzSyZpJ7K1ukIGBP8ZaAie0BWEcFWWnu9R0lvhwoX7SWM','2022-06-13 19:32:09','2022-06-13 19:27:09','2022-06-13 19:27:09');

/*Table structure for table `quizzes` */

DROP TABLE IF EXISTS `quizzes`;

CREATE TABLE `quizzes` (
  `id` bigint unsigned NOT NULL AUTO_INCREMENT,
  `duration` int NOT NULL DEFAULT '5' COMMENT 'In Minutes',
  `title` varchar(255) COLLATE utf8mb4_unicode_ci NOT NULL,
  `description` longtext COLLATE utf8mb4_unicode_ci,
  `created_at` timestamp NULL DEFAULT NULL,
  `updated_at` timestamp NULL DEFAULT NULL,
  PRIMARY KEY (`id`)
) ENGINE=InnoDB AUTO_INCREMENT=7 DEFAULT CHARSET=utf8mb4 COLLATE=utf8mb4_unicode_ci;

/*Data for the table `quizzes` */

insert  into `quizzes`(`id`,`duration`,`title`,`description`,`created_at`,`updated_at`) values (1,5,'Odit adipisci hic eos. Aut incidunt soluta voluptatibus voluptate laborum quidem.','Sed suscipit ratione ipsa qui nobis facilis quo. Omnis aut ut non error qui sunt. Est suscipit quia occaecati ullam.','2022-06-13 19:26:46','2022-06-13 19:26:46'),(2,5,'Quia blanditiis ut veniam quia aut. Omnis autem quis ut quia.','Optio minus consequuntur provident odit asperiores officia ut. Repudiandae et autem porro alias aut. Quo corrupti impedit ut facilis ducimus. Veritatis atque voluptatibus dicta est repellat aut voluptatem. Corporis ut minima non velit.','2022-06-13 19:26:47','2022-06-13 19:26:47'),(3,5,'Optio beatae fugiat sit. Repellendus aperiam sunt molestiae consequatur et dolores.','Eius veritatis esse et et. Quidem et qui sint. Dolorem consequatur natus incidunt magni qui vero.','2022-06-13 19:26:47','2022-06-13 19:26:47'),(4,5,'Atque et tenetur eos est dolores animi. Et ex nihil laborum consequatur.','Cum aut unde quia repellendus et et. Veniam laboriosam et omnis molestiae et ut ipsum. Ratione et illo error odit ut. Aut accusantium aut sunt vel.','2022-06-13 19:26:47','2022-06-13 19:26:47'),(5,5,'Et qui placeat optio voluptate. Tenetur quam et iusto autem dolores.','Molestias esse enim possimus quo quod. Et facilis eveniet at quisquam dolor voluptatem. Rerum nisi unde ut sed rerum iusto. Qui cum qui sint id qui.','2022-06-13 19:26:48','2022-06-13 19:26:48'),(6,5,'Sed et et voluptatem excepturi soluta. Perferendis asperiores eius sunt et assumenda.','Atque et iure ipsa ipsum veniam molestiae. Amet adipisci non voluptatem et quia sed. Et assumenda tenetur velit exercitationem dolores. Aut aliquid voluptatibus repellat aut exercitationem.','2022-06-13 19:26:48','2022-06-13 19:26:48');

/*Table structure for table `role_has_permissions` */

DROP TABLE IF EXISTS `role_has_permissions`;

CREATE TABLE `role_has_permissions` (
  `permission_id` bigint unsigned NOT NULL,
  `role_id` bigint unsigned NOT NULL,
  PRIMARY KEY (`permission_id`,`role_id`),
  KEY `role_has_permissions_role_id_foreign` (`role_id`),
  CONSTRAINT `role_has_permissions_permission_id_foreign` FOREIGN KEY (`permission_id`) REFERENCES `permissions` (`id`) ON DELETE CASCADE,
  CONSTRAINT `role_has_permissions_role_id_foreign` FOREIGN KEY (`role_id`) REFERENCES `roles` (`id`) ON DELETE CASCADE
) ENGINE=InnoDB DEFAULT CHARSET=utf8mb4 COLLATE=utf8mb4_unicode_ci;

/*Data for the table `role_has_permissions` */

insert  into `role_has_permissions`(`permission_id`,`role_id`) values (1,1);

/*Table structure for table `roles` */

DROP TABLE IF EXISTS `roles`;

CREATE TABLE `roles` (
  `id` bigint unsigned NOT NULL AUTO_INCREMENT,
  `name` varchar(255) COLLATE utf8mb4_unicode_ci NOT NULL,
  `guard_name` varchar(255) COLLATE utf8mb4_unicode_ci NOT NULL,
  `created_at` timestamp NULL DEFAULT NULL,
  `updated_at` timestamp NULL DEFAULT NULL,
  PRIMARY KEY (`id`),
  UNIQUE KEY `roles_name_guard_name_unique` (`name`,`guard_name`)
) ENGINE=InnoDB AUTO_INCREMENT=2 DEFAULT CHARSET=utf8mb4 COLLATE=utf8mb4_unicode_ci;

/*Data for the table `roles` */

insert  into `roles`(`id`,`name`,`guard_name`,`created_at`,`updated_at`) values (1,'admin','web','2022-06-13 19:26:46','2022-06-13 19:26:46');

/*Table structure for table `users` */

DROP TABLE IF EXISTS `users`;

CREATE TABLE `users` (
  `id` bigint unsigned NOT NULL AUTO_INCREMENT,
  `name` varchar(255) COLLATE utf8mb4_unicode_ci NOT NULL,
  `email` varchar(255) COLLATE utf8mb4_unicode_ci NOT NULL,
  `email_verified_at` timestamp NULL DEFAULT NULL,
  `password` varchar(255) COLLATE utf8mb4_unicode_ci NOT NULL,
  `remember_token` varchar(100) COLLATE utf8mb4_unicode_ci DEFAULT NULL,
  `created_at` timestamp NULL DEFAULT NULL,
  `updated_at` timestamp NULL DEFAULT NULL,
  PRIMARY KEY (`id`),
  UNIQUE KEY `users_email_unique` (`email`)
) ENGINE=InnoDB AUTO_INCREMENT=2 DEFAULT CHARSET=utf8mb4 COLLATE=utf8mb4_unicode_ci;

/*Data for the table `users` */

insert  into `users`(`id`,`name`,`email`,`email_verified_at`,`password`,`remember_token`,`created_at`,`updated_at`) values (1,'Admin','admin@gmail.com',NULL,'$2y$10$qFDJ8HOugoT3KZ1uDqTOzu0qAcP5HT9cTPaOcvLg92.yMUghyCuD6',NULL,'2022-06-13 19:26:46','2022-06-13 19:26:46');

/*!40101 SET SQL_MODE=@OLD_SQL_MODE */;
/*!40014 SET FOREIGN_KEY_CHECKS=@OLD_FOREIGN_KEY_CHECKS */;
/*!40014 SET UNIQUE_CHECKS=@OLD_UNIQUE_CHECKS */;
/*!40111 SET SQL_NOTES=@OLD_SQL_NOTES */;
